id,unlimited,roaster,wifi,locations,recency,origination,food,tx,per_cap,q1,q2_1,q2_2,q2_3,q2_4,q2_5,q3,q4
A9ZAA0AA,0,1,1,4,7,90,1,66,11.879393939393939,1,2,4,4,3,5,0,6
99AZ9AA0,0,1,1,3,6,138,0.39,32,6.9453125,1,3,3,4,2,5,0,10
ZAZ90Z0Z,0,0,0,5,10,161,0,30,-2.244333333333333,1,4,5,5,5,4,1,9
Z00Z0Z0Z,1,0,1,8,7,161,0.32,49,8.851632653061225,1,4,4,3,2,3,0,7
0Z9999ZA,0,0,1,5,7,350,0,324,-1.664506172839506,1,3,5,3,3,4,0,8
Z9AAAZZ0,0,0,1,2,7,248,0,198,4.232474747474748,1,2,5,3,2,4,1,10
099A009A,1,0,1,2,7,104,0.37,12,8.012500000000001,0,2,4,4,4,3,0,8
A09AAZ90,1,0,1,6,7,341,1,151,11.953907284768212,1,4,3,3,2,3,0,6
90ZZAA9A,0,0,1,10,7,283,1,201,9.043631840796019,1,3,4,2,3,3,0,7
90999AZZ,0,1,1,4,7,211,1,13,11.656153846153845,1,2,2,4,4,3,1,8
AZZ09Z09,0,1,1,4,9,180,0,6,0.42333333333333334,1,3,2,2,3,4,0,6
Z9AZZZ9A,0,0,1,4,7,157,0,70,-0.16514285714285715,1,3,1,4,1,4,1,8
09999A90,0,1,1,9,6,194,0.57,149,8.36543624161074,1,2,2,3,2,3,0,7
99ZZZZAA,0,1,1,4,6,311,1,230,11.072391304347827,1,3,2,3,1,5,0,8
A9AZZ0Z9,1,0,1,5,10,260,0.56,226,5.831415929203541,1,2,3,2,1,3,1,10
0A099ZZZ,1,0,1,4,9,264,0,218,1.6840366972477065,0,4,5,4,2,2,0,6
ZZA0A990,0,1,0,1,6,242,0,179,4.1971508379888265,1,3,4,2,3,3,1,9
90ZZ00AA,0,0,1,8,9,91,1,81,4.735061728395062,1,1,2,3,4,2,1,6
0ZZ99AZ0,0,0,0,4,8,314,0.56,6,5.946666666666666,1,3,3,4,3,5,1,9
9AZAZ09A,0,0,1,3,6,349,1,70,7.9204285714285705,1,4,4,4,1,4,0,8
90Z90AAZ,0,0,1,4,5,134,1,35,4.345428571428571,1,3,2,4,4,4,0,7
09AZZ9AA,0,1,1,4,5,364,0,281,3.7872953736654806,1,4,4,4,2,5,0,9
Z0AZ9Z9A,0,0,1,6,4,95,0,48,4.736666666666667,1,4,1,4,1,3,0,7
090AAZ9Z,0,0,1,7,7,128,0,12,0.3175,1,2,3,3,2,4,0,9
A0Z9Z999,0,1,1,5,7,208,0,98,2.1209183673469387,1,3,5,4,2,5,1,10
Z9A90ZA9,1,1,1,3,8,364,0.05,213,8.241361502347418,1,3,5,4,2,4,0,8
0009A09Z,0,1,1,8,8,224,0.25,138,6.8409420289855065,1,1,3,5,2,3,1,7
0Z99Z90A,0,1,1,4,8,109,0.54,105,7.996,1,3,3,5,2,3,0,9
9909909Z,0,0,1,4,7,183,1,5,5.82,1,2,3,3,4,4,1,9
9ZZA9AZZ,1,0,1,5,6,221,0.82,64,9.18484375,1,2,3,4,3,2,0,7
AAZ0990Z,0,0,0,5,9,335,0.03,283,2.3836749116607776,1,3,2,3,4,3,1,7
Z99A9Z0Z,0,0,1,1,5,166,1,90,7.357555555555555,1,1,3,3,3,4,0,9
0AAZA9A9,0,0,1,3,5,242,0.48,218,5.080183486238532,0,2,2,3,1,3,0,6
ZAZ0A9ZA,0,0,1,1,8,348,0.04,310,0.9530000000000001,0,4,4,4,2,2,1,8
A900Z999,0,1,1,13,8,274,0,243,6.888724279835391,0,2,2,4,2,5,0,9
9009Z009,0,0,1,7,6,306,0.72,19,5.066842105263158,1,2,5,3,3,3,0,8
ZA09Z0Z9,0,1,1,3,6,108,0.36,42,4.2161904761904765,0,3,4,2,2,4,0,9
00A9A9ZZ,1,1,1,5,5,355,0,309,4.053754045307443,1,3,3,3,2,4,0,9
9AA0A0Z9,0,0,1,3,7,322,0.52,200,2.7651499999999998,1,4,5,3,5,3,0,7
90Z9Z09Z,0,0,0,5,6,269,0,100,-1.9259,1,2,2,3,4,4,0,10
009ZAZAA,1,0,1,8,7,75,0.19,69,5.0318840579710145,1,3,3,5,3,2,1,5
9ZAA9ZZ9,1,0,1,7,7,332,0,123,2.6943902439024394,1,2,2,3,4,4,0,3
9ZZ09AAA,0,0,1,3,8,100,0.06,46,0.29217391304347823,1,4,4,3,2,2,0,9
099900A0,0,1,1,5,7,356,0,83,4.031927710843373,1,4,4,3,5,4,0,7
0Z0AA0AZ,0,0,0,2,7,213,0.94,46,6.680434782608696,1,1,4,4,5,4,0,10
A0Z9A0ZZ,0,0,1,5,6,349,0,50,5.1742,1,3,4,4,1,4,0,10
ZZ9AAZ00,0,0,1,5,8,198,0.8,174,6.334137931034483,1,3,2,4,4,4,1,9
9ZZZ0990,0,0,1,9,8,91,1,48,8.736041666666667,1,3,4,3,3,2,1,7
ZZ00ZZ0A,0,0,0,3,5,71,0,65,0.567076923076923,1,4,3,4,2,4,1,10
9ZAAZ9Z0,0,0,1,1,8,299,1,158,10.722215189873417,1,3,2,4,2,4,1,7
ZZ990AAZ,0,0,1,4,7,348,0,170,1.74,1,3,3,4,2,4,0,6
ZAA0ZAAA,0,1,1,9,7,306,0.92,8,9.9675,1,1,4,2,3,4,0,8
Z990ZZ0A,0,0,1,3,9,191,0,107,3.2848598130841125,1,3,3,3,3,4,0,10
0A9AA09A,0,0,1,2,8,310,0,33,-1.4742424242424241,1,2,4,3,2,3,0,9
009Z0A09,1,1,1,4,5,282,1,168,11.059642857142856,1,3,5,5,2,2,0,9
ZZA09AAA,1,0,1,6,8,364,1,247,8.915668016194333,1,1,3,5,3,5,0,8
A00ZAZAZ,1,0,0,9,6,292,0.73,119,6.090084033613445,1,3,4,1,3,5,0,10
9Z09AZA9,0,1,1,2,8,70,0.81,22,6.945909090909091,1,2,2,4,3,5,0,8
Z0AA990Z,0,0,0,5,6,221,1,93,11.82258064516129,1,2,3,4,4,5,0,8
9AAAA9A0,0,0,1,5,6,177,0,20,0.4095,1,4,4,4,5,5,0,9
Z00990AZ,0,0,1,6,5,72,1,27,7.728148148148148,1,2,4,4,1,2,1,7
9A99Z0AA,0,1,0,4,6,66,1,12,11.7725,0,4,3,3,4,4,1,9
AA00ZZ99,0,0,0,3,5,301,0.79,118,6.247203389830508,1,1,4,3,2,5,0,7
Z9ZA09AA,0,0,0,6,7,253,0,21,-0.15714285714285714,1,4,4,5,1,4,0,10
A9AA9A0Z,0,0,0,6,6,223,0.7,56,8.467142857142857,1,4,4,2,3,4,0,7
0A90900A,0,1,1,3,6,241,0,76,3.9875000000000003,1,3,1,3,3,3,0,9
ZAZ90Z0Z,0,0,1,3,8,365,0.87,21,4.796666666666667,1,3,3,2,3,4,1,9
ZZZ0A099,0,0,1,5,8,92,0,2,0.53,1,2,4,2,4,5,0,5
900AAA09,0,0,1,4,9,136,0.98,6,7.82,1,1,4,2,3,4,0,10
9A0ZAZ90,0,1,1,2,7,261,0,103,-0.23359223300970872,1,3,4,5,2,3,0,10
ZAZ99A9Z,0,0,0,4,8,136,0,56,2.7842857142857143,1,2,2,4,3,4,0,9
Z9ZZZ99A,0,1,0,9,5,150,1,34,14.077352941176471,1,4,3,4,2,5,0,9
90Z0AZAA,0,1,1,4,6,172,0.55,96,7.294375,1,2,3,4,4,4,0,9
00A909A9,0,0,0,4,10,351,1,272,7.003125,1,4,3,3,3,3,0,3
AZZ00AAA,1,0,1,4,8,138,0,11,1.5845454545454545,0,3,4,4,1,5,0,9
ZAAAA900,0,0,1,6,9,114,0,96,0.39291666666666664,1,2,4,2,1,4,0,10
ZAA9AZ9Z,0,0,1,5,8,126,0.46,50,5.5264,1,3,3,4,4,3,1,7
00A0Z090,0,0,1,5,5,81,0,37,2.8591891891891894,1,1,2,3,2,4,0,8
A0A090AZ,0,0,1,7,9,360,1,34,8.674999999999999,1,3,4,3,4,4,0,8
ZA0AA990,0,1,0,5,9,204,0,179,2.351899441340782,1,3,4,5,1,3,1,7
9Z099AZA,1,1,1,7,7,55,0,45,8.110222222222221,1,3,1,3,2,5,0,8
AZA09Z9A,1,0,1,3,8,151,0,94,3.7327659574468086,1,5,4,2,2,5,1,9
0Z0A0AZA,0,0,1,5,8,229,0,5,3.5020000000000002,1,2,3,3,1,3,1,7
ZZZZAZ9A,0,0,1,5,6,250,0,246,-0.13999999999999999,1,2,4,4,2,4,1,10
9A9ZZ909,0,0,1,3,7,328,0.5,93,5.854516129032258,1,3,4,1,4,3,1,8
90ZZZ9A9,0,0,1,1,7,313,0,293,-0.111160409556314,1,4,5,3,3,4,1,9
990A09A0,0,0,0,4,4,105,0,74,-1.2125675675675676,1,2,4,3,3,4,0,10
09ZAA9ZZ,0,0,1,9,10,69,1,11,3.5672727272727274,0,1,5,5,4,3,0,9
A00009Z9,1,0,0,6,5,298,1,14,12.935714285714285,1,1,2,4,3,3,0,8
ZZ099AZ0,0,0,1,8,8,145,0.9,72,4.083333333333333,1,2,3,4,3,3,0,7
Z900A0A0,0,0,0,5,6,306,0.41,172,5.4544186046511625,1,3,3,4,4,3,1,9
0A09099Z,0,0,0,5,7,222,0,97,2.2864948453608247,1,3,2,4,1,5,0,10
0ZZ0AZ9A,0,0,0,4,6,314,1,266,9.15890977443609,1,4,2,4,4,3,1,9
09Z0Z099,0,0,1,8,10,45,1,12,9.185,1,3,3,4,4,3,0,7
AZ9AAZ00,1,0,1,7,6,286,1,216,13.802129629629631,1,2,4,3,3,2,1,9
9AAA9Z90,0,0,1,12,10,293,0,83,-2.170120481927711,1,4,4,5,2,4,1,8
Z0900A9Z,0,0,1,8,10,259,0.27,78,4.965,1,4,3,2,2,5,0,9
90ZZZA99,0,1,1,2,10,335,0.88,231,8.184805194805195,1,2,4,3,3,4,0,7
Z9900900,1,0,1,7,6,121,0.93,19,10.630526315789472,1,2,3,2,3,4,0,9
AAA090AA,0,0,1,5,7,233,0,73,-5.57054794520548,1,3,4,4,3,3,0,6
Z0ZA099A,0,1,1,1,6,290,0,250,5.13372,1,4,4,3,1,3,0,8
90ZA9AAA,0,0,1,5,5,245,0,164,0.8080487804878049,1,4,3,4,4,2,1,7
000A0Z0Z,0,1,0,2,7,58,0,34,6.56764705882353,1,3,3,4,4,3,0,9
9Z000900,0,0,1,3,6,329,0,63,-0.003492063492063492,1,1,3,3,3,4,0,7
090ZA9Z0,0,1,0,2,7,103,0.77,31,11.653870967741934,1,2,3,3,1,4,0,8
90AAA000,0,0,1,3,6,360,1,43,5.43093023255814,1,2,4,4,2,4,0,8
ZZ9ZZZ0A,0,1,0,5,8,77,0.5,3,6.63,1,4,4,5,4,3,0,8
Z0A99Z9Z,1,0,0,8,8,167,0,157,3.662356687898089,1,4,2,4,1,4,0,9
0999Z99Z,1,1,1,4,7,169,0,51,5.7513725490196075,1,3,5,4,2,3,0,6
AZZAZAA9,1,1,1,7,7,224,0.55,60,8.055166666666667,1,3,3,4,1,2,0,8
0AZA9A90,0,0,1,4,7,234,0.24,30,1.8936666666666668,1,4,3,2,2,3,1,7
90A00Z09,0,0,1,4,8,233,0,79,0.4021518987341772,1,3,3,5,2,3,0,6
0Z990AA9,0,0,1,2,5,200,1,166,9.23,1,3,5,3,3,4,0,7
90Z9ZA99,0,0,1,1,7,280,1,46,15.15,1,1,1,5,3,4,0,9
0AZ0Z0A9,0,0,0,2,7,201,0.78,196,6.606938775510204,1,2,4,2,2,5,0,8
000A09Z0,1,1,1,7,9,85,0.09,29,5.852758620689655,1,3,3,5,2,5,0,8
A0Z99AZ0,1,0,1,3,4,176,1,52,6.567115384615385,0,5,3,4,4,2,0,10
A90A9AZA,0,0,1,4,7,271,0,99,3.916262626262626,1,1,3,4,1,3,1,9
099A9999,1,0,1,7,7,208,0.12,99,2.8914141414141414,1,3,4,4,5,3,0,9
0099A909,0,1,1,5,8,187,0,83,5.349156626506025,1,4,5,2,2,4,0,9
09999090,0,1,1,4,7,131,0.67,97,9.417216494845361,1,4,3,4,2,4,0,7
Z000A000,0,0,0,4,8,97,1,68,10.15264705882353,1,4,2,3,1,3,1,6
AAZZA9A9,0,1,1,6,8,283,0,255,2.7634117647058822,0,2,2,4,3,4,1,10
Z9A099Z0,1,0,1,2,6,345,0.46,145,7.041931034482759,0,3,4,4,3,4,1,9
99ZA9ZZA,0,0,0,3,8,156,0,39,5.5515384615384615,0,1,4,4,2,4,0,9
AZZ9AZA9,0,1,1,6,5,141,0,51,2.0966666666666667,1,2,2,3,3,1,0,9
ZAA09A09,0,1,1,5,7,306,0,245,5.867510204081633,1,4,4,3,5,4,0,4
9ZAAAA9A,0,0,1,5,9,160,0,141,1.2160283687943263,1,3,3,5,3,4,1,10
9ZZ9AZ0Z,1,1,1,6,7,167,0,57,4.025789473684211,1,1,4,3,4,4,1,8
A9ZAZ9ZZ,1,1,1,5,8,113,0.02,88,5.6045454545454545,1,1,3,4,3,4,0,10
Z90990ZZ,0,0,1,5,6,179,0.85,133,4.183233082706767,1,3,4,4,3,4,1,6
0A00ZZZ9,1,0,1,5,10,141,0.52,112,7.968125,1,4,2,4,1,5,1,9
0009A9AZ,0,1,0,5,6,363,1,332,11.062530120481929,1,1,2,3,3,4,0,10
0Z9ZAZAZ,1,1,1,7,9,110,0,7,4.518571428571429,1,3,3,5,2,4,0,9
99Z9ZA99,0,0,1,4,6,234,0,182,3.1171978021978024,1,4,5,4,3,2,1,9
ZA99AZ99,0,1,1,3,8,176,0,120,4.0960833333333335,1,3,3,3,4,3,0,7
Z999A9AZ,0,0,1,4,8,124,0,71,1.8919718309859157,1,2,2,4,1,3,0,7
9A0ZZ00Z,0,1,1,3,7,154,0.21,107,5.0056074766355145,1,3,2,3,2,2,0,10
ZZAZZZ90,0,0,1,5,5,88,0,36,3.803888888888889,1,3,5,3,4,4,0,10
99AZZ0Z0,0,0,0,7,5,347,0,337,-2.763293768545994,1,4,2,3,2,5,1,7
9A9ZAZAZ,0,0,0,6,5,358,0,54,6.721481481481481,1,4,3,3,2,5,0,7
ZAZ990Z9,0,0,1,3,7,365,0.42,155,3.4841290322580645,1,2,4,3,3,4,0,7
0AZ00ZAZ,0,0,1,3,9,201,0,158,-1.0232278481012658,1,4,3,5,2,3,0,7
A99A0999,0,0,1,2,6,52,1,33,7.671212121212122,1,4,4,4,2,4,0,7
9Z0099ZA,0,0,1,3,8,310,0.16,265,3.7155094339622643,1,3,3,3,3,3,1,8
00AAZ90Z,0,0,0,4,8,86,1,12,9.368333333333334,1,4,4,4,4,5,0,10
9A000900,0,1,1,4,7,97,0.37,16,4.5,1,1,3,3,1,3,0,10
0A09A9Z0,1,0,1,6,9,296,0,55,0.9012727272727272,0,4,4,5,1,4,0,9
90A9Z9A0,0,0,1,8,7,149,0,143,-3.731678321678322,1,1,4,3,5,4,0,7
Z00099ZA,0,0,1,5,7,268,0.14,114,2.4496491228070174,1,2,2,3,2,4,0,8
AZ0AZ9Z9,1,0,0,2,9,123,1,93,13.509032258064515,1,4,4,2,2,2,0,9
90Z00ZAA,0,1,1,8,7,357,0,110,2.8336363636363635,0,1,5,2,1,5,0,8
Z99ZAZA9,1,0,1,3,8,318,1,187,10.998021390374332,1,3,4,1,1,4,0,9
9A09AA9Z,0,0,0,7,7,267,1,248,11.463064516129032,1,2,2,5,1,5,1,8
AZA9ZAZ0,0,0,0,6,5,46,0.21,14,6.591428571428572,0,3,3,3,2,4,0,8
ZZ90909Z,0,0,1,8,7,307,0,182,-0.706098901098901,1,3,4,4,4,4,0,8
0Z0A090Z,0,1,1,4,10,128,0.91,62,8.578548387096774,1,4,3,3,2,4,0,5
9A090990,0,1,1,2,6,285,0,101,2.8431683168316835,1,3,3,3,3,4,1,4
90ZAZA00,0,0,1,2,7,344,0,207,0.20415458937198067,1,3,3,4,4,4,0,8
9A0ZA99Z,0,0,0,4,6,191,0,6,-1.1566666666666667,1,4,2,4,3,3,1,8
AAA90AAA,0,0,1,8,7,309,0.3,138,3.9005072463768116,1,2,3,3,3,2,0,8
0Z0999AA,0,1,1,7,9,199,0.26,56,6.887321428571428,1,4,2,4,5,3,0,9
AZ90AA90,0,0,1,9,9,134,0.91,55,5.537999999999999,1,1,1,3,3,5,1,6
AAZZZZ9A,0,0,0,4,6,310,1,18,12.019444444444444,1,4,3,5,2,2,0,7
0A9ZA00A,0,1,1,6,7,197,0.76,176,7.375738636363637,1,4,3,3,4,3,0,7
A9ZA99AA,0,0,0,8,7,362,0,76,1.9285526315789472,1,2,5,4,2,3,0,7
AZ999AAZ,0,0,1,3,10,179,0,122,-5.098442622950819,1,2,3,3,3,4,1,8
090A99AZ,0,0,1,4,5,201,0.3,77,2.92,0,3,2,3,2,3,0,9
ZZ90ZZAA,1,0,1,8,6,365,0.28,252,6.33063492063492,1,3,3,4,1,4,0,9
9A099909,0,0,1,9,8,185,0.62,123,3.6917886178861785,1,3,1,4,2,3,0,10
ZZ0ZA9AZ,0,0,1,5,4,260,1,256,4.497890625,1,4,3,4,2,4,0,6
AZZZ000Z,1,1,1,6,6,266,1,199,11.522462311557788,0,2,2,2,1,3,0,9
99Z0ZZAZ,0,0,0,6,7,366,0.17,160,3.6891875,1,2,3,3,3,4,0,6
00A9009Z,0,1,1,4,10,44,0.49,5,11.328,1,2,2,4,2,4,0,10
99AZAZ9Z,0,0,1,5,11,206,0.12,111,2.0484684684684686,1,3,3,4,2,3,0,8
9AAAAZZZ,1,0,1,4,5,312,0.68,28,5.813571428571429,1,4,3,2,4,5,0,8
ZZ909A9A,0,0,1,5,8,265,0,132,-1.6059848484848485,0,2,3,3,1,2,1,8
09AAZ9ZZ,1,0,1,8,6,90,1,1,10.96,1,2,2,3,1,3,0,10
Z909AZ9Z,0,0,1,6,6,111,1,85,5.4030588235294115,1,3,3,3,3,3,0,10
99099A90,0,0,1,3,7,240,0.4,120,6.392416666666667,1,4,3,5,1,4,0,6
AZAA9Z0A,0,0,1,5,7,210,0.93,166,9.121024096385542,1,1,4,4,4,3,0,10
0A0A0Z9Z,0,0,0,6,9,194,0.28,4,4.9275,1,2,2,4,3,4,0,6
Z9Z90Z00,0,0,1,3,8,198,0.97,176,6.216704545454546,1,4,2,4,4,3,0,9
00Z099AZ,0,0,1,10,9,148,0,82,0.035975609756097565,1,4,3,4,2,3,0,7
0Z0AAZA0,0,0,0,3,7,287,0.89,128,6.8409375,1,2,3,2,1,2,0,10
99Z0Z09A,0,0,1,3,6,272,0,116,3.462155172413793,1,2,4,3,4,5,0,7
9090AZ09,0,0,1,6,9,328,1,169,5.99585798816568,1,1,3,2,4,4,0,8
0999AA00,0,0,1,7,5,143,0.43,15,5.91,1,3,4,2,1,4,1,6
ZAZ0A9AZ,0,1,1,3,6,287,0,140,1.062142857142857,1,4,2,3,1,4,0,10
99Z099AZ,0,0,1,5,7,130,0.11,61,3.551311475409836,0,2,2,3,2,2,0,6
A0900099,0,0,0,5,7,200,1,56,9.879464285714286,1,3,4,4,1,3,1,9
90AA99ZA,1,0,1,7,7,52,0,39,5.053333333333334,1,2,2,4,2,2,0,7
A0Z9AZA0,0,0,1,7,7,120,0.96,101,6.534950495049505,1,2,3,4,3,4,0,9
9A99900A,1,0,0,6,5,100,0,58,-4.461896551724139,1,2,4,3,1,5,0,9
90ZAAA0A,0,0,0,5,8,134,0,124,2.028709677419355,0,4,3,4,1,4,0,9
A9A999Z0,0,0,1,7,8,150,0,39,-3.0915384615384616,1,3,5,3,3,4,1,9
900Z00AA,0,0,0,9,7,255,0,164,5.104085365853659,1,3,4,4,3,5,1,7
090Z0ZAA,1,0,1,6,6,188,0.11,178,5.335955056179775,1,4,5,2,3,5,0,9
0ZA9A0AA,0,0,0,7,7,291,0,290,4.074793103448276,1,3,3,3,2,5,0,10
909ZA09A,0,1,1,5,6,173,0.72,168,8.530119047619047,1,3,4,3,3,3,1,9
099AA9A0,1,0,1,5,7,258,0.41,125,6.9507200000000005,1,3,3,3,1,4,0,7
ZZ999Z00,0,1,0,8,8,190,0,37,1.89972972972973,1,2,5,3,5,5,0,8
90A0Z00A,0,0,1,8,9,48,0.28,17,3.183529411764706,1,3,4,3,2,1,1,9
0ZZ9099A,1,0,0,4,7,42,0,33,1.184242424242424,1,2,2,3,2,4,0,10
90AZZZZA,0,0,0,3,6,189,1,30,7.130333333333334,1,2,4,3,3,4,0,9
9Z9ZZ9AZ,0,1,1,5,7,293,0,224,5.0677232142857145,1,2,3,3,3,3,1,7
00Z0AZ99,1,0,0,6,6,289,0,133,4.58984962406015,1,3,3,4,3,2,0,6
9AZ9ZZ99,0,0,1,6,6,185,0.92,145,9.448344827586206,1,3,3,5,4,4,0,10
A99ZZA00,0,0,1,3,6,63,0.33,43,5.12953488372093,1,2,3,5,1,2,1,8
99ZZA0AZ,0,1,1,4,5,217,1,99,12.893535353535354,1,2,3,4,4,4,0,6
ZZA9ZA09,1,0,1,5,4,250,1,110,11.594454545454546,0,2,4,3,1,2,1,8
90Z9Z0A0,0,0,1,1,9,367,0,291,-0.9214089347079037,1,3,3,5,2,2,1,6
A9A9Z000,0,1,0,4,6,275,0.52,270,8.532222222222222,1,2,4,3,3,2,1,8
9ZAAA9ZZ,0,0,1,3,6,298,0,185,-2.6384864864864865,1,3,1,1,4,3,1,7
ZA000000,0,0,1,10,8,313,1,198,6.323282828282828,1,2,4,3,3,4,0,10
9009Z9AA,1,1,1,6,4,75,0,28,8.81,1,3,5,2,3,5,0,8
0A99ZAZZ,0,1,1,5,6,66,1,12,12.764166666666666,1,2,3,3,2,5,0,7
9Z9ZZ9A9,1,0,1,2,8,350,0,161,2.954472049689441,1,3,5,3,3,5,1,7
A99A90ZA,0,0,1,7,7,101,0,38,1.165,1,3,3,3,3,2,0,7
Z909AA0A,0,0,1,7,8,61,1,52,3.4978846153846153,1,2,3,4,2,4,0,8
0Z00A0A9,0,0,1,3,6,83,0.69,63,-0.06031746031746031,1,2,3,4,3,4,1,8
AZ9AZAA9,0,0,1,2,8,192,0.96,61,8.019180327868852,1,4,4,3,4,5,1,9
Z9AA090Z,1,1,1,5,10,362,0,11,6.119090909090909,1,3,2,4,3,4,1,9
9AA0909A,0,0,1,7,5,198,1,182,13.186923076923076,1,4,5,5,3,4,1,8
9A9ZZ9Z0,1,0,1,5,7,145,0.48,63,8.599841269841269,1,2,4,3,5,3,1,8
A9Z9090A,1,1,0,7,8,86,0,80,5.019,0,4,4,3,4,3,0,9
ZZ9A00ZZ,1,0,1,6,8,320,1,259,9.008146718146719,1,3,5,4,3,5,1,6
090A00ZA,0,1,1,4,6,367,0,157,0.7719108280254777,1,5,3,5,2,2,1,8
Z9A9Z90Z,1,1,1,5,7,83,1,48,11.215625000000001,1,4,4,4,5,4,1,8
AAAA90A9,0,0,1,3,8,94,0.53,72,4.945555555555555,1,2,4,4,2,4,0,10
Z0AZAAZ9,0,0,1,10,7,265,0,89,0.9521348314606741,1,4,2,3,5,3,0,8
09Z9AZZA,0,1,0,6,8,260,0.95,247,10.15101214574899,1,4,4,3,2,4,0,8
A90A90A9,0,0,1,1,7,353,0.68,183,3.741912568306011,1,4,3,3,1,5,1,9
AZ00Z909,1,0,1,4,5,243,0,63,6.362857142857143,1,4,2,4,3,5,1,7
A0ZAZ09A,0,0,1,4,4,84,0.12,55,3.841090909090909,1,3,4,4,4,5,1,10
A99AZZA0,1,1,1,4,4,275,0.97,270,12.896888888888888,1,4,2,5,1,4,0,6
900Z9009,0,0,1,5,8,304,0,94,-1.911276595744681,1,2,2,5,4,3,1,9
ZAZZ0A90,0,0,1,6,8,225,0.78,23,5.690434782608696,1,2,4,4,4,3,0,7
99900A09,0,1,1,8,5,74,0.65,44,9.447727272727272,1,5,3,4,4,5,0,10
Z0ZZ09ZA,1,1,0,7,8,301,0,184,7.084836956521738,1,2,4,4,2,3,0,7
Z909A00Z,1,0,1,5,8,286,0,240,1.1947916666666667,1,1,3,5,3,4,0,9
AAA0AAA9,0,0,1,6,8,268,0,236,0.5836440677966102,1,2,3,5,3,4,1,7
9Z00Z0Z0,0,0,1,7,4,180,0,102,-0.11343137254901961,1,4,3,3,5,3,0,7
90000ZAA,0,0,1,8,6,315,0,51,3.0131372549019604,1,2,5,2,5,5,0,9
AZZZ99Z9,1,1,1,8,10,239,0.71,115,9.766173913043477,1,4,4,5,3,5,0,4
A0Z999Z0,0,0,1,7,8,308,0,257,-1.5614396887159534,1,2,3,3,2,5,0,8
A00Z00A0,1,0,1,6,8,119,0,4,2.295,1,4,4,4,3,4,0,7
AZZZZ90Z,0,0,1,4,7,161,0,74,-0.7243243243243244,1,3,3,3,3,4,0,7
9A900A9Z,1,0,1,5,5,330,1,309,14.1184142394822,1,4,1,3,1,4,0,7
A0Z09090,0,0,1,4,9,231,0,72,-1.5780555555555555,1,2,2,3,3,4,0,8
ZZ909AA9,0,0,0,4,6,116,1,43,12.823023255813952,1,1,3,2,4,4,0,8
Z090ZZ0A,1,1,1,12,5,311,0.63,196,10.224897959183673,1,3,3,5,3,4,0,9
0Z0990A9,0,0,1,4,7,215,0,209,1.597224880382775,1,3,4,3,3,3,0,4
ZZZAZAZ0,1,0,1,8,7,277,1,30,11.632,1,3,3,5,3,5,0,9
A99AZ99A,0,1,1,4,8,349,1,184,10.72538043478261,1,2,5,4,3,4,0,10
Z9ZZ0AA0,0,0,0,6,8,94,0,68,-1.3580882352941175,1,3,3,4,3,4,1,9
9Z9AZAZ0,0,0,0,5,8,91,0.53,10,5.99,1,2,1,4,4,3,0,10
90909AZZ,1,0,0,9,5,61,0.87,21,11.052380952380952,1,3,2,4,3,5,0,8
9A0A9AZ0,0,0,1,2,5,292,1,236,20.2278813559322,1,2,4,4,2,5,0,7
Z90AA9Z0,0,0,1,3,7,174,0,13,0.7623076923076924,1,3,4,5,5,3,0,9
99A9000A,0,1,1,1,7,205,0,118,4.755593220338983,1,2,5,3,3,5,0,8
99AAAA00,1,0,0,6,7,266,1,238,12.926554621848739,1,1,3,3,1,5,0,10
0Z999ZZ9,0,0,1,3,7,82,0,54,2.058148148148148,0,2,5,3,4,4,0,7
00ZA9Z9A,0,0,1,6,6,183,0.28,163,5.102638036809816,1,2,3,4,4,2,0,8
A00ZZ99A,0,1,0,3,8,263,0,101,4.818217821782178,1,1,4,5,2,4,1,6
00ZZZAZ0,1,0,0,2,7,330,0,20,7.675,1,2,2,3,3,5,1,4
Z0Z00Z0Z,0,1,1,4,7,136,0.14,65,5.101846153846154,1,3,5,3,2,3,0,8
09A090A0,0,0,0,9,7,151,1,8,8.545,1,3,4,2,2,3,0,9
ZZA0A9Z9,0,1,1,6,5,171,1,159,13.533270440251572,1,4,4,3,1,2,0,7
0ZA00909,0,0,0,4,8,213,0,115,1.1594782608695653,1,2,4,5,4,5,0,7
9909ZAA9,0,0,1,7,9,348,1,162,11.42753086419753,1,3,1,4,2,4,0,9
Z099ZZ09,0,1,1,2,8,55,0.67,24,11.2675,1,4,3,2,4,3,0,7
AAZZA0A9,0,0,0,7,8,188,0,110,5.118363636363636,1,3,3,3,4,4,0,9
9090A00A,0,0,1,5,6,172,0,156,4.627179487179488,0,3,3,4,4,4,1,10
ZAA99ZA9,0,0,1,2,7,236,0,95,0.6276842105263158,1,3,4,4,2,4,0,8
99AA9Z0A,0,1,1,10,9,116,0.87,69,10.510144927536233,1,3,5,3,3,3,1,8
0ZZAA99Z,0,0,1,6,8,154,0,131,2.4273282442748094,0,4,3,4,1,5,1,10
099AA9ZA,0,1,0,7,8,91,1,85,11.964470588235294,1,3,2,4,2,2,0,9
90999ZA9,1,0,0,8,5,332,1,37,8.967027027027026,1,4,3,4,5,4,0,6
090AZA0A,0,0,1,6,9,84,0,54,-0.33555555555555555,1,4,4,4,5,4,0,10
AA9Z999A,1,0,0,6,7,55,0.21,30,8.131,1,2,3,2,4,4,0,8
AZ9090Z9,0,1,1,8,6,141,0,67,1.425820895522388,1,3,4,4,4,5,1,8
90Z00AZ0,0,0,0,5,9,303,0.97,126,8.72563492063492,1,5,3,4,2,4,0,8
990AAAAA,1,1,1,5,4,275,1,27,12.020740740740742,1,1,5,4,2,4,1,10
Z099Z990,0,0,1,3,8,221,0,74,1.1491891891891892,1,4,4,2,1,4,0,6
A090ZZ99,0,1,1,7,8,62,1,25,13.583599999999999,1,2,5,4,3,4,0,8
09ZZ0999,1,0,1,9,4,342,1,183,9.418852459016394,1,3,4,3,3,5,0,10
0Z9AZAZA,0,0,0,6,6,295,0.66,186,6.903817204301075,1,2,4,4,4,2,1,9
9Z9AAA99,0,0,1,5,7,198,0.42,15,6.272666666666667,1,4,2,4,4,2,1,5
9A9Z9Z0A,1,1,0,7,9,100,1,50,18.269000000000002,1,4,4,3,2,3,0,8
0Z999Z9A,0,0,1,6,5,339,1,55,17.47490909090909,1,3,4,3,4,3,1,8
900ZZ0A0,0,1,1,3,9,125,1,121,11.71,1,3,4,5,5,3,0,8
Z09Z9A99,0,0,0,5,7,316,0,166,1.9647590361445781,1,4,2,3,4,4,0,10
A0ZZ9000,0,0,1,5,5,94,0,92,-0.4294565217391304,1,4,3,3,3,4,0,8
9A0A99Z9,0,0,1,13,6,240,1,103,10.185922330097089,1,2,1,3,2,3,1,5
ZAAAA0AA,0,0,1,9,9,229,0,108,1.427685185185185,1,4,4,3,1,5,0,7
AZ0ZZA09,0,0,1,6,8,96,0,32,-1.2959375,1,2,3,4,4,4,0,8
Z9Z9900Z,0,1,1,4,6,140,1,121,10.54305785123967,1,2,3,4,2,4,1,8
9ZZ00990,0,0,1,4,8,354,1,136,8.137279411764707,1,3,3,4,2,3,1,7
9A90A00A,1,0,0,6,7,266,0,27,8.784814814814816,0,1,3,4,3,5,0,7
099Z0ZZ0,0,0,1,4,5,238,0,8,2.9,1,3,4,4,4,3,1,9
A0A99ZZZ,0,0,1,9,8,339,0.11,216,7.097638888888889,1,3,4,4,1,4,0,10
ZAZ0A0Z0,0,0,1,4,8,225,0,183,4.530054644808743,1,1,1,3,2,2,0,8
AA9AZ09Z,0,0,1,2,6,63,1,1,7.63,1,4,5,4,4,4,1,7
9AA090ZZ,0,1,1,2,8,297,0.92,51,7.625098039215686,1,4,3,3,2,4,0,9
990A099Z,0,0,1,6,7,313,0.01,220,3.8532727272727274,1,1,2,4,3,4,0,8
ZZ0AZZZ9,0,1,0,8,6,80,0.42,31,8.23225806451613,1,3,3,3,2,5,0,10
Z0A090Z0,1,1,1,1,9,100,1,50,12.9508,1,4,2,4,2,2,1,9
Z009Z09A,1,0,0,6,7,132,0,116,6.502068965517242,1,3,3,2,3,4,1,10
90AAZ0Z0,0,0,1,8,6,349,0.51,23,3.107391304347826,1,3,5,5,4,5,1,7
Z0A9Z9ZZ,0,0,1,4,9,314,0.61,136,7.275147058823529,1,4,3,4,1,4,0,7
ZZZ9A090,0,0,0,6,6,341,0,11,2.6136363636363638,1,3,2,5,2,4,0,8
0AA9900A,0,0,0,1,8,159,0.22,145,5.22648275862069,0,2,4,4,4,4,0,9
9Z9990A0,0,0,0,11,8,86,1,67,9.005373134328359,1,5,2,4,2,3,0,6
ZAZAZZZZ,0,0,1,8,7,194,0,32,-0.3865625,1,1,5,3,1,3,0,5
ZA009AAA,1,0,1,6,7,79,0,54,1.0044444444444445,1,2,2,3,2,2,0,8
9AA90990,0,1,0,5,6,349,0.67,150,12.302933333333334,1,3,5,3,4,4,0,8
0ZZAAZAA,0,0,1,3,8,224,1,24,7.57125,1,4,4,3,2,4,1,6
90909A90,1,0,0,9,8,143,0.09,79,8.390506329113924,1,3,5,4,3,4,0,5
9A00A9Z9,0,0,1,7,6,291,0.91,180,7.847833333333333,1,2,3,4,5,5,0,6
ZA9Z9900,0,0,0,3,8,58,0.7,23,8.966521739130433,1,3,2,4,3,4,0,7
9Z009Z9Z,0,0,1,6,6,212,0.13,101,2.169009900990099,1,3,4,3,2,3,0,5
ZZAAZZ09,0,1,0,5,8,252,0.8,120,9.228583333333335,1,2,1,3,2,5,0,7
Z9ZZ0AA9,0,1,1,4,8,187,0.22,68,6.2441176470588236,1,2,4,5,3,4,0,9
00900990,0,0,1,4,8,345,0.36,88,3.9686363636363637,1,2,4,3,2,3,0,6
0A99A0ZA,0,0,0,3,9,356,0.41,262,4.705992366412214,1,2,2,4,3,5,0,9
ZAAA0Z90,0,0,1,5,7,176,0,48,2.404375,1,1,2,3,4,5,1,9
0Z9099ZZ,0,0,1,3,7,112,1,47,8.005531914893616,1,2,2,4,3,2,0,9
099AZ99Z,0,1,1,3,8,261,1,23,11.61826086956522,1,2,4,5,3,5,0,6
990ZAAZ0,1,0,1,1,7,140,0,95,3.2095789473684215,1,2,3,3,2,3,1,8
A0Z90A99,0,0,0,2,9,170,0,61,3.151639344262295,1,1,4,3,2,3,0,7
AA09Z09A,1,0,1,3,5,258,0.01,237,4.337257383966245,1,2,4,5,3,5,1,8
0A009Z09,0,0,1,5,9,63,0,63,0.7028571428571428,1,3,3,4,3,3,1,6
AZZAZZZA,0,0,1,2,6,166,1,85,6.930470588235295,1,1,4,4,1,2,0,8
0AZZ0Z09,0,0,1,5,8,42,0,36,-1.1022222222222222,1,2,3,3,1,3,0,9
A9AA0ZA9,0,1,1,5,6,345,0.61,75,8.493466666666666,1,4,3,4,2,4,0,10
A0A90Z09,0,0,0,8,11,259,0,96,3.4435416666666665,0,4,4,4,1,5,0,7
9Z099A00,0,0,0,4,5,214,0.52,124,5.390322580645161,1,2,3,4,2,3,0,9
Z0Z00AZA,0,0,1,4,8,126,0.65,53,4.175660377358491,1,2,3,4,2,4,0,10
ZZ90AZAZ,1,0,1,5,8,194,0.46,68,6.96235294117647,1,1,4,4,4,4,1,6
Z0Z9Z9ZA,0,0,1,5,6,247,0,179,2.8304469273743016,1,1,4,5,2,3,0,9
9A0ZA0A0,0,1,1,3,7,250,0.54,161,7.7073291925465846,1,2,4,3,4,3,0,7
00AAZ0A9,0,0,1,6,4,239,1,156,10.496346153846154,1,3,3,1,3,4,1,7
000Z9009,0,0,1,4,7,293,0,151,1.0266887417218542,1,4,4,4,2,5,0,10
ZA99Z9A0,0,0,1,5,5,285,0,14,3.891428571428571,1,2,3,4,3,3,0,9
AA9AZ9Z0,0,0,1,7,5,160,0,110,1.2013636363636364,1,3,2,3,4,4,1,9
A9A0ZZ90,0,1,1,5,5,123,1,18,8.391666666666667,1,3,3,3,3,4,1,9
0Z9990Z0,0,0,1,6,7,180,1,9,10.333333333333334,1,2,3,4,4,2,0,7
0AAAAZ0Z,0,0,0,3,8,78,0,47,4.797872340425532,1,4,3,4,4,4,0,4
09AA909A,1,0,1,5,8,252,1,173,10.755664739884393,1,2,4,4,2,4,0,10
0A99A9Z9,1,1,1,8,5,257,0,183,3.4379234972677595,1,3,4,3,3,3,0,9
9Z0ZZ9A9,0,0,0,6,7,208,1,174,11.589885057471266,1,2,4,2,3,4,0,4
00AAA99A,0,0,1,5,9,333,0,221,-0.49185520361990953,0,4,2,5,2,5,0,9
Z00A99AZ,0,0,0,6,9,226,0,90,3.754666666666667,1,2,4,3,3,3,0,8
9009AZZZ,0,0,0,7,7,324,0,216,-2.98875,1,3,1,3,2,4,0,6
AA9Z00Z0,0,1,1,7,6,130,0,81,-2.63320987654321,1,3,2,3,4,5,1,10
0A9ZAZ90,0,1,1,9,5,196,0.2,186,5.90516129032258,1,3,3,3,2,3,0,10
AZAZZ99Z,0,1,1,4,9,42,1,36,10.036388888888888,1,3,3,3,4,4,1,10
0ZAZA0Z9,0,1,0,7,7,249,0.32,74,9.342162162162163,1,3,4,5,4,5,0,6
ZZ990Z00,0,0,1,7,7,339,0,130,-1.1614615384615385,1,3,3,3,4,5,0,7
A0ZA0A09,0,0,0,5,6,286,1,283,9.558904593639577,1,1,5,5,4,3,1,7
AZAZ99AA,0,0,1,6,8,168,1,63,7.830317460317461,1,3,4,4,2,4,0,9
ZAA9AZ09,0,1,0,6,5,161,0.73,81,8.213456790123457,1,3,4,4,3,3,0,5
AA009Z09,0,0,1,8,7,305,0.46,73,3.633013698630137,1,4,3,5,3,1,0,10
AZZA0Z09,0,0,1,5,9,324,0.1,171,4.815555555555556,1,2,4,1,4,5,0,10
ZA9ZZZZ9,0,0,1,7,8,262,0,185,-2.4434594594594596,0,4,5,5,2,4,0,4
0ZAA9Z9Z,0,1,1,3,9,231,0,113,2.669557522123894,1,1,2,3,2,5,0,7
00AZZA0Z,1,0,1,6,7,269,0,189,2.4788359788359786,1,4,4,4,3,4,1,10
0ZAA99AA,0,1,0,4,7,276,0,45,3.6613333333333333,1,4,5,2,3,2,1,7
99Z9AAAA,0,1,1,1,6,217,0.65,66,8.25030303030303,1,2,3,3,3,5,1,10
99A9AA90,0,0,0,8,6,323,0.3,272,3.0783088235294116,1,2,3,2,2,4,0,8
ZAAZZZ9A,0,0,1,5,7,161,0.18,17,4.864705882352942,0,5,4,3,3,5,0,8
AAZZA9A9,0,0,1,2,8,99,0.42,44,6.446363636363636,1,2,3,5,4,3,0,8
9ZZZ0Z00,0,0,0,7,6,349,0,89,1.6464044943820224,1,2,4,4,2,3,0,9
9A0A9A0A,0,0,1,6,6,52,0.18,40,5.13,0,4,4,3,3,3,0,8
A9ZAZ0AZ,1,1,1,5,8,330,0,324,3.883950617283951,1,4,1,2,2,4,1,8
A09AAZAZ,0,0,0,4,8,226,0.36,165,4.906,1,4,2,2,4,5,0,8
09AZZ99A,1,0,1,7,9,235,0.94,222,9.853693693693694,1,4,4,3,1,4,1,6
9ZAZ99AZ,0,0,1,5,6,130,0,27,2.924074074074074,0,3,3,5,3,5,1,7
00090Z00,0,0,1,3,7,336,1,289,9.474498269896195,1,3,3,4,2,5,0,10
AAAA00ZZ,0,0,1,3,6,62,0,44,-2.7563636363636363,1,3,4,3,2,3,0,9
0ZZA0900,0,1,1,4,9,268,1,55,10.828909090909091,0,3,3,2,2,4,0,9
0900Z0A0,0,1,1,4,5,42,0.93,36,7.413611111111111,1,1,3,4,3,4,0,10
9Z9Z0090,1,0,1,6,9,332,0,236,-0.7944067796610169,1,4,3,2,1,2,1,10
9AA00AA0,1,1,0,2,7,289,1,38,11.05657894736842,1,5,3,2,1,5,0,4
9ZZ990ZZ,0,0,1,4,7,260,1,29,10.678620689655173,1,3,5,3,4,5,0,7
Z909A90A,0,0,1,6,6,209,1,62,8.54951612903226,1,3,3,3,2,2,0,7
A9ZZZ000,0,0,1,4,9,336,0,38,-1.923157894736842,1,3,4,5,3,3,1,9
ZZ000A09,0,0,0,4,4,291,1,160,11.3118125,1,2,2,2,5,4,0,9
A00AZ0A9,0,0,1,3,6,88,0,22,-0.0659090909090909,1,1,4,3,2,4,0,8
0Z0A9A9A,0,0,0,3,5,307,0,221,-1.8026244343891402,0,2,5,4,4,5,0,7
Z00AZ0ZZ,0,0,1,4,5,69,0.81,65,3.6395384615384616,1,4,4,4,1,4,1,8
0990999A,0,0,1,3,5,307,0.22,51,2.163333333333333,1,3,2,3,2,4,0,7
9Z9A90ZA,0,0,1,4,7,319,0.32,103,5.204757281553398,1,3,3,3,3,2,0,10
0009Z0ZA,0,1,1,2,9,350,0.49,345,8.001333333333333,1,3,4,4,2,2,0,10
90AZZ9Z0,1,0,1,6,8,156,1,128,7.8496875,1,3,2,4,4,4,0,7
Z09A9AA0,0,1,0,6,5,293,0.2,248,10.398548387096774,1,2,1,5,3,5,0,8
AAZZAA00,0,1,1,5,8,69,0.04,64,4.36453125,1,3,4,3,2,4,0,7
9Z999ZAZ,0,0,1,2,8,326,0,106,-9.419056603773585,1,4,3,3,2,4,0,9
Z99ZZZZA,1,0,0,7,6,115,0.17,52,6.6213461538461535,1,2,3,3,1,5,1,8
Z999AAZ0,0,0,1,6,8,334,1,100,8.338099999999999,1,4,3,3,5,3,1,10
0Z0AA9AA,0,0,1,4,5,319,0,243,1.9349794238683127,1,2,2,4,3,3,0,10
Z9A9A9ZA,0,0,1,4,6,267,1,132,7.748030303030303,1,4,4,3,3,3,0,9
Z00AA9ZZ,0,0,1,5,7,52,0,41,0.7517073170731707,1,4,2,4,4,4,0,10
ZZ9AZA0Z,0,0,1,4,6,240,1,134,7.095,1,5,5,3,2,4,0,10
09Z099Z0,0,0,1,4,6,278,0,247,0.19097165991902834,1,3,3,4,3,4,0,8
90ZZ09Z9,0,0,1,3,10,259,0,69,-3.136086956521739,1,3,3,2,4,3,1,10
909AAZZA,0,1,1,3,5,131,0,88,2.0431818181818184,1,2,3,4,2,4,0,7
ZA0AZ990,0,1,0,1,8,100,0,63,9.564444444444444,0,5,3,1,2,2,0,8
Z0999ZZ9,0,1,0,1,4,129,0.71,69,12.262318840579711,1,1,3,1,3,4,0,8
ZAA0ZZZA,0,1,1,2,9,99,0.11,49,8.142244897959184,1,2,2,3,2,1,1,7
AZZ0Z00A,1,1,1,2,6,109,0,12,8.3575,1,3,3,4,1,2,0,8
0AAA99Z0,0,0,1,3,7,124,0,29,3.1041379310344825,1,3,3,1,2,2,0,8
0Z099Z0Z,0,1,0,2,10,129,0.87,103,17.034854368932038,1,2,4,2,3,2,1,7
Z9ZZ9Z9Z,0,1,0,6,7,65,0.51,3,10.81,1,4,2,2,2,2,0,5
9ZZZ90ZA,0,1,0,2,10,65,0.44,40,12.848500000000001,1,2,5,4,2,5,0,9
A0009Z0Z,1,0,0,2,10,119,0,56,5.201071428571429,1,1,4,2,1,1,0,10
9AZZ90Z9,0,1,0,2,4,64,0.63,61,8.786065573770493,1,2,3,3,2,2,1,6
AZZAAZZZ,0,0,0,3,9,83,0.99,56,10.488928571428572,1,2,5,3,3,2,0,7
A9A90Z0A,0,0,0,1,8,117,0.95,16,7.84875,0,3,4,2,3,4,0,4
Z0ZZ0ZZZ,0,1,1,4,5,61,1,17,17.50176470588235,1,1,5,3,1,2,0,9
Z999Z09A,0,0,0,1,6,104,0.19,13,11.793076923076923,1,2,2,3,2,3,1,7
AA00A9Z9,0,0,0,2,5,111,0.23,102,8.702549019607844,1,2,4,2,3,2,0,7
0ZAZ9Z99,0,1,1,1,7,77,0,32,1.4115625,0,1,3,2,2,2,0,7
9ZA0900A,0,1,0,1,9,57,1,27,12.327037037037037,1,4,3,3,2,1,0,9
9Z99AZZZ,0,0,0,1,10,67,0.19,3,8.14,1,3,4,2,2,3,0,7
999A099A,0,0,0,3,11,128,0.28,25,9.0536,1,1,4,3,2,4,1,8
9Z9AA009,0,1,1,3,7,104,0.59,59,9.76,1,1,3,3,2,4,0,7
9Z0A90AA,0,1,0,1,6,93,0.37,89,11.306966292134833,1,1,5,4,3,3,0,7
AAA0ZA99,0,1,0,1,7,95,0,4,7.2375,1,1,3,1,2,3,0,8
9Z0A9099,0,1,0,1,8,84,0.42,12,11.726666666666667,1,2,5,4,1,3,0,9
A09Z0A00,1,0,1,3,5,109,0.96,5,12.172,1,3,2,2,4,4,0,8
009AAZAA,0,1,0,2,4,94,0,6,8.950000000000001,1,1,3,2,1,1,0,8
A99ZZ9AA,0,1,1,2,6,105,0,73,5.556438356164383,1,1,4,2,2,1,0,8
0ZZA0AZ0,0,1,0,1,8,78,0,3,2.3233333333333333,1,1,3,3,3,3,1,8
A99ZAZA0,0,1,0,4,5,106,0,99,6.477474747474747,1,2,5,2,1,3,0,8
09099A0Z,0,1,0,6,5,124,0.17,19,9.58,1,1,3,3,2,1,0,7
Z909AAAZ,0,1,0,4,10,128,0.47,123,11.727967479674797,1,3,4,1,2,3,1,8
A99ZZ990,0,1,0,2,6,129,0,91,5.757582417582419,1,2,5,1,1,3,0,8
AAAZZ9ZA,0,0,0,2,10,57,0.57,28,8.218928571428572,1,2,4,1,2,3,0,9
A0AZ9ZZ0,0,0,1,2,9,59,0.91,15,9.066666666666666,1,3,5,2,2,2,0,10
09AZ9AZZ,0,1,0,1,6,95,0,13,8.563846153846153,1,1,4,4,4,2,0,6
09ZZ0099,0,1,0,2,6,113,0,14,10.055000000000001,1,1,3,2,2,2,0,7
0Z9AA090,0,1,0,1,6,67,1,2,13.61,1,1,4,3,2,3,0,9
0Z099ZAA,1,1,0,4,8,112,1,88,16.648068181818182,1,3,3,3,3,4,0,8
0Z0AA090,0,1,0,4,6,114,0,13,8.169230769230769,1,4,4,3,3,2,1,9
A99099A0,1,0,0,3,10,80,0.4,26,8.649615384615384,1,2,4,1,3,3,0,8
9A9ZA0AA,0,1,0,3,12,82,0,66,7.923636363636364,1,2,3,1,3,2,0,7
0AAZ900A,0,1,0,5,5,97,0.58,67,12.87731343283582,1,2,3,1,3,4,0,7
A09Z90ZA,0,0,0,1,8,101,0.53,33,9.547272727272727,1,4,5,3,1,2,1,7
ZZZ0ZAZA,0,0,0,1,7,110,0.35,82,7.527317073170732,1,1,2,2,1,2,0,6
AAZA000Z,0,0,0,5,12,74,1,3,7.6499999999999995,1,4,4,2,2,3,0,6
009Z999Z,0,0,1,2,9,74,0.29,4,7.0425,1,2,3,3,2,2,0,8
9AA9009A,0,1,0,4,8,66,1,20,15.964500000000001,1,1,4,2,3,2,1,7
A09ZAA9A,0,1,0,1,8,61,0.51,31,12.183870967741935,1,1,5,4,3,1,0,8
AZZAZZ99,0,0,0,4,9,63,0.49,29,7.774137931034482,0,1,4,2,2,3,1,8
099AZA09,0,1,0,1,7,69,0.9,61,13.61295081967213,1,3,3,3,2,1,0,10
ZZ9ZA990,0,1,0,3,8,89,1,70,15.154285714285713,1,1,3,4,1,2,0,6
AZZA0999,0,1,0,4,10,85,0,15,7.585333333333334,1,1,4,3,3,2,0,7
0090ZAAZ,0,0,1,2,9,75,0,20,4.934,1,3,5,3,2,3,0,9
AA909A09,0,1,0,4,6,109,1,79,14.336075949367087,1,4,5,3,4,5,0,7
090A9900,0,1,0,2,7,73,1,49,13.922244897959185,1,2,4,4,2,3,0,7
99ZZAZ9Z,0,1,1,3,6,78,0.53,39,12.647692307692308,1,2,4,3,3,2,0,7
90A90090,0,1,1,1,11,74,0.14,2,6.81,1,1,5,4,2,2,0,7
Z0A90Z9A,0,1,1,4,5,67,0,49,-0.2742857142857143,1,3,5,2,3,2,0,7
9A999ZZ0,0,1,0,4,7,105,0,94,6.6140425531914895,0,2,4,4,3,4,0,7
99A0Z9ZZ,0,0,0,2,5,68,0,7,-1.2771428571428571,1,1,3,2,1,2,0,8
0ZZZZ0Z0,1,1,1,2,6,114,0,98,7.901122448979591,1,1,5,3,3,2,0,9
A9Z999ZA,0,1,1,3,8,57,1,33,11.354242424242424,1,1,3,3,2,2,0,8
A09ZAA0Z,0,0,1,2,9,74,0,6,5.498333333333334,1,1,4,3,2,2,0,8
Z909Z09Z,0,1,0,2,8,78,1,61,15.222950819672132,1,2,5,2,2,1,0,9
ZZZ9Z9AZ,0,1,0,2,5,121,0,92,8.312391304347827,1,1,4,2,1,2,0,7
0AZ9ZAZ9,0,1,0,1,6,80,0,15,5.6273333333333335,1,3,3,3,2,2,0,7
0AAAAA0Z,0,0,0,3,11,78,1,37,7.11918918918919,1,3,4,3,1,2,0,7
Z0A99A9Z,0,1,1,4,9,96,0.48,4,8.65,1,2,5,2,2,3,0,7
90ZZAAAZ,1,1,1,1,14,82,1,7,15.472857142857142,1,3,3,3,2,2,0,9
9ZZA9A9Z,0,1,0,1,8,69,0,63,9.540952380952382,0,2,4,2,2,2,1,7
AZ999AZ9,0,0,0,3,4,106,0,23,3.576521739130435,1,1,5,5,2,2,0,7
Z090AAAA,0,1,0,1,8,56,0.08,16,6.2875,1,2,3,3,1,1,0,7
Z99Z00AZ,0,0,1,1,6,105,0,84,6.770714285714286,1,1,3,4,2,1,0,7
A0ZZZAZ9,0,1,0,2,9,105,0,3,12.023333333333333,1,3,4,4,5,2,0,8
9Z0099ZA,1,1,0,1,10,123,0,20,8.972,1,2,4,3,2,1,1,6
0A99A9AA,0,0,0,3,7,98,0,35,6.078285714285714,1,2,2,3,2,3,1,8
Z9909AAA,0,1,1,2,12,104,0,54,5.816481481481481,1,1,5,3,4,4,0,7
AA099Z00,0,1,1,4,8,71,0.38,68,9.061323529411764,1,3,4,4,3,4,0,9
90ZZ9000,0,1,0,1,4,72,1,47,13.07340425531915,1,3,4,3,2,3,0,8
Z0ZA09A0,0,0,0,2,9,113,0,35,4.81,1,1,3,1,2,2,0,7
9AAAAAZ0,0,1,0,2,7,113,1,33,13.628787878787879,1,1,4,3,3,3,0,5
AZ90A0A9,0,1,0,1,8,100,0,5,10.488,1,4,4,1,1,3,0,9
99000A0A,0,1,0,4,6,87,1,79,12.721012658227849,1,1,4,2,3,4,0,7
0A0A0A09,0,0,0,4,7,72,0,70,1.0285714285714285,1,3,3,4,1,1,0,7
0ZZZ9ZZ0,0,0,0,3,9,123,0,57,4.542105263157894,1,2,4,2,3,1,1,6
A0ZZ009A,0,1,0,3,9,103,0.43,7,9.582857142857142,1,3,4,1,2,3,0,8
AA90A9A9,0,0,0,3,13,80,0,10,5.431,1,3,5,2,1,3,1,9
09ZZ99Z9,0,0,0,1,8,84,0.17,33,7.519393939393939,1,1,4,2,4,4,1,8
ZZ999Z9Z,0,0,0,3,6,83,0,43,0.3009302325581395,1,2,3,2,2,2,0,9
ZZ00AZ00,1,1,1,2,8,122,0.36,71,12.58338028169014,1,3,5,3,1,3,0,10
09Z00ZAZ,0,1,0,4,9,121,1,13,15.618461538461538,1,3,5,2,2,1,0,8
Z9AZA90Z,0,1,0,1,7,112,0.09,30,7.854666666666666,1,2,4,3,2,4,0,9
9Z9Z0Z90,0,1,0,3,7,113,0,91,8.352307692307692,1,3,3,2,2,2,0,7
AZZ0A9A9,0,1,0,3,5,56,1,44,13.7675,1,3,5,3,3,4,0,8
99Z0AA0A,1,1,0,2,8,63,0.83,47,12.839361702127661,1,1,3,3,2,3,0,9
90090ZAZ,1,0,0,3,9,108,0,61,10.05983606557377,1,2,3,2,3,5,0,7
ZZZ9990A,1,1,0,2,10,63,1,27,15.918148148148148,0,2,3,4,4,2,0,8
99ZZA909,0,1,0,1,9,71,0,23,1.7578260869565216,1,4,3,3,3,3,0,7
Z99AZ9Z0,0,1,0,2,8,97,0,43,4.683953488372093,1,1,5,2,2,3,0,7
A900Z900,0,1,1,1,4,97,0.84,33,14.243939393939394,1,2,4,2,2,3,0,8
ZAAAA999,0,1,0,1,9,61,0,21,8.16,1,1,4,3,3,3,0,7
9AZZAZZ0,0,1,0,3,6,74,1,23,14.760434782608696,1,1,2,3,1,3,0,10
Z09AAAZ0,0,1,0,3,10,104,0,24,7.84875,1,4,5,3,2,4,0,9
A0Z0AA00,0,0,0,1,6,86,0,47,5.221702127659574,1,3,5,3,1,4,1,9
0A9990AA,0,1,0,4,6,61,0.36,46,11.951086956521738,1,2,4,3,3,2,0,9
9009ZZ9A,0,1,0,1,4,82,1,19,13.543684210526315,1,3,4,3,2,4,0,8
A00ZZA09,0,1,1,3,8,68,0.07,36,7.263333333333334,1,2,4,3,2,3,1,6
ZAA0ZZ99,0,1,0,2,11,90,0,57,9.607719298245614,1,1,5,3,3,4,0,9
Z9A90Z9Z,0,1,0,2,10,99,0,26,6.9957692307692305,1,3,4,4,2,1,0,8
A00A99AA,0,0,0,2,9,90,0.21,41,7.13390243902439,1,1,5,4,1,4,0,9
A90AZ0Z9,0,1,0,2,10,101,0,93,7.410537634408602,0,1,3,2,2,2,0,9
9A9A9000,0,1,0,3,4,116,0.57,107,9.473644859813083,1,1,3,3,3,3,1,8
AA990ZA0,0,0,0,5,8,60,0,49,1.2848979591836736,1,2,2,2,2,2,0,9
0ZAAZ90A,0,0,0,1,8,128,0,97,1.6069072164948455,1,1,4,3,2,2,0,8
AZ900ZZ0,0,1,0,3,7,109,1,17,13.661176470588236,1,3,4,1,1,3,0,8
A0AA0AZZ,1,1,0,1,11,95,0.39,89,15.611685393258428,1,2,5,3,3,2,1,6
9AZ09ZA9,0,1,0,3,6,117,0,34,7.5932352941176475,1,1,5,2,3,4,0,10
A90999A9,1,1,0,7,9,129,0,3,11.56,1,2,4,2,3,3,0,5
0ZZ99A09,0,1,0,2,6,63,0.86,24,12.626249999999999,1,1,4,5,3,3,0,9
9Z00ZAZ0,0,1,0,1,11,94,0,78,9.362564102564102,1,1,5,2,2,3,0,9
0ZZZ9AA0,0,1,0,1,8,106,0.52,85,9.273411764705882,1,1,4,3,2,2,0,7
0AZ0A9A0,0,1,0,4,9,93,0.6,38,9.95078947368421,1,2,4,4,2,2,0,8
9ZZZZZA9,0,0,0,6,10,108,0.32,83,8.12855421686747,1,2,4,1,2,2,0,8
A9909AAA,0,1,0,2,8,89,0.8,2,9.33,1,3,4,3,4,2,1,8
Z0AZ9099,0,1,1,2,7,126,0,83,9.570963855421686,1,3,3,2,1,4,0,8
0AZ09ZZA,0,1,0,4,4,91,0,53,0.0809433962264151,1,3,4,1,2,2,0,8
Z9Z9ZZA0,0,1,0,2,8,107,0.69,22,10.865,1,1,4,3,2,2,0,8
A9ZA0AA0,0,0,0,3,6,101,1,42,12.96,1,3,3,2,3,3,0,10
0Z09A0Z0,0,1,1,3,8,91,0.72,45,12.65,1,3,4,2,2,3,0,8
9A0AZ0AZ,0,0,1,2,6,84,0,62,5.643870967741936,1,2,2,1,2,4,0,9
0ZA9AZ0Z,0,1,0,1,6,58,0.73,55,11.3,1,2,5,3,1,4,1,7
ZZ0A0ZZZ,0,0,1,2,12,124,0.22,95,6.048315789473684,0,3,5,3,1,4,0,7
9AZ99909,1,0,1,2,8,103,0,29,7.562068965517242,1,4,5,1,3,1,0,8
ZAAAZA0Z,0,1,0,2,9,99,1,92,15.625108695652173,1,1,3,2,1,3,0,8
Z9ZZ90Z0,0,1,0,1,8,102,0.41,87,11.374137931034483,1,3,3,2,3,2,0,8
0AZ90AZ0,0,0,1,4,11,76,0,46,4.888913043478261,1,2,3,3,2,3,0,4
ZZ990ZA0,0,1,0,3,6,109,0,60,8.1105,1,2,3,2,1,4,0,7
0A909A09,0,1,0,3,7,96,1,9,14.042222222222222,1,1,3,3,3,3,0,9
9090A0ZZ,0,1,1,4,11,72,0,10,8.458,1,2,4,1,3,1,0,7
Z9ZZ9AZZ,0,0,0,1,5,65,0,3,9.06,1,4,3,4,3,4,1,9
A9A90AA9,1,1,0,2,9,69,0.84,9,14.881111111111112,1,2,5,3,2,3,0,8
Z0ZA99A9,0,0,0,4,11,107,0,68,1.5058823529411764,1,4,4,2,3,1,0,8
Z099A99Z,0,1,0,3,8,68,1,4,14.4,1,2,3,5,3,4,0,6
0A9A999A,0,1,0,3,10,108,0,15,7.937333333333333,1,2,4,2,1,3,0,7
AZA9Z999,0,0,0,1,10,107,0.87,82,9.077439024390245,1,1,4,2,4,2,1,7
A9A9099Z,0,1,0,1,8,81,0.1,16,7.7475,1,4,4,1,1,2,0,8
9A9ZA0A0,0,1,0,2,10,112,0.04,27,10.510370370370369,1,4,4,2,2,2,0,9
A999Z0AZ,0,1,1,4,9,124,0.91,117,10.597863247863248,1,4,3,3,2,4,0,6
A09099Z9,0,0,0,2,4,116,1,4,14.5775,1,3,3,2,3,3,0,8
Z09ZZ0ZZ,0,1,0,1,8,70,0,2,7.275,1,3,3,2,2,3,0,7
999AZ9Z9,0,1,0,1,10,115,1,39,17.615641025641025,1,1,3,4,2,2,0,8
90999AA0,0,0,0,2,5,129,0,114,6.638421052631578,1,3,3,2,3,3,0,9
0ZZ9A9Z0,0,1,1,1,4,107,0,95,6.2675789473684205,1,1,4,3,3,4,1,6
ZAA0A9ZA,1,1,0,4,6,95,0,24,7.75875,1,1,5,1,3,3,0,8
0ZA0AA0A,0,1,0,3,7,111,0,101,9.720990099009901,1,2,5,2,2,2,0,8
Z90AZZAA,0,1,1,3,10,120,0,66,3.597272727272727,1,1,4,3,3,1,0,7
9Z000ZZZ,0,1,1,1,6,89,0,13,5.187692307692307,1,4,4,3,2,2,0,9
090ZA009,0,0,1,4,9,63,0,44,-4.945681818181819,1,1,5,3,1,4,0,9
9AZ00A99,1,0,0,2,8,59,0,21,7.251904761904761,1,1,5,2,4,4,0,8
0AZAA090,0,1,0,1,9,108,0.3,4,8.7925,1,1,4,3,1,3,1,8
90Z0A900,1,0,0,1,9,61,0,48,7.956458333333334,1,1,5,3,3,1,0,7
Z9A9AAZA,0,1,0,1,5,92,0,80,8.546,1,1,4,4,4,4,1,9
ZZA9Z9ZA,0,0,0,3,11,68,0,64,5.03875,1,2,4,3,1,3,0,10
Z09AZZ9Z,0,0,0,4,7,88,0.36,31,8.761612903225807,1,2,3,1,1,2,0,7
90AAZA09,0,0,1,1,10,80,1,56,11.875714285714285,1,1,4,4,2,1,0,7
A999AZ99,0,0,0,3,10,123,0,42,5.319761904761905,1,2,4,3,3,1,1,8
9Z99AZZ0,0,1,1,2,8,91,1,48,11.985833333333334,1,4,4,2,2,2,0,7
90990A09,0,0,0,1,6,122,0.58,24,9.325416666666667,1,4,3,3,1,3,0,4
9A0A90ZA,0,1,0,4,11,126,1,5,16.424,1,1,4,1,3,3,0,9
ZAAZ09Z9,0,1,0,3,8,72,0.03,71,9.710985915492959,1,2,5,3,3,3,1,7
9AZZZ999,1,1,0,4,12,92,0,78,8.266666666666666,1,2,4,3,3,4,1,9
ZAZ0Z9A9,0,1,0,2,11,83,0,61,8.937213114754098,1,2,3,2,3,4,0,5
0Z9ZA900,0,1,0,2,11,117,0.78,109,12.732110091743118,1,1,4,2,3,3,0,6
Z0Z9Z0A0,0,0,0,2,7,84,0.05,18,6.929444444444445,1,2,4,3,3,3,0,6
ZAAA9Z99,0,1,1,1,8,100,0,22,5.869090909090909,1,2,4,2,3,3,0,7
0AAAZ9AZ,0,1,0,1,9,76,0.48,45,12.322444444444445,1,1,4,1,3,3,0,9
90Z09ZZA,1,1,0,1,7,97,0.1,33,12.603939393939394,1,1,5,2,3,2,0,6
0AZ0ZZA0,0,1,0,2,8,101,0.31,59,10.195254237288136,1,1,3,5,3,5,0,8
A0000909,0,0,0,3,8,74,0,67,6.034029850746268,1,2,5,3,2,4,0,8
AZ00Z00Z,0,1,0,1,13,119,0,8,3.7325,1,2,2,3,4,2,0,7
Z0AZZ09Z,1,1,0,1,7,121,0.33,37,13.582162162162163,1,2,3,2,3,3,0,9
0A9900A9,0,1,0,2,9,69,0,26,8.671538461538463,1,2,3,3,3,3,1,8
AAAAA000,0,1,1,4,8,73,0.5,36,9.739722222222222,0,1,4,3,1,4,0,6
Z990Z0ZZ,0,0,1,2,6,90,0,9,2.398888888888889,1,1,3,1,1,1,0,8
AAZ999Z0,0,0,0,1,10,87,1,75,12.748666666666667,1,2,4,3,2,2,0,9
00A0ZZZ0,0,1,0,1,11,67,0.33,14,11.367857142857144,1,1,3,2,3,1,1,10
Z00AA9AZ,0,1,1,4,10,65,0.11,44,7.569090909090909,1,5,4,2,4,3,0,8
999A9900,0,0,1,1,4,159,1,93,11.481827956989246,1,4,3,5,4,1,0,9
0Z9A9Z9Z,0,0,0,1,2,465,1,61,11.045409836065573,1,3,4,4,5,3,0,7
A9099Z99,0,0,0,1,4,646,0,558,3.3515232974910396,1,4,2,3,4,1,0,8
Z09A9090,0,0,0,1,4,263,0.12,179,6.625865921787709,1,4,4,5,5,3,1,7
ZA000ZZZ,0,1,0,2,4,268,0.52,211,6.53085308056872,1,5,4,4,4,2,1,10
A90A9A9A,0,0,1,2,3,509,0,230,0.9863913043478261,1,5,2,4,3,3,0,7
ZZAAA000,0,1,0,1,4,579,0.55,571,7.597162872154115,1,3,4,3,3,1,1,9
ZZ0A99ZZ,0,0,0,1,3,683,0,313,3.8151437699680515,1,5,4,5,5,2,1,10
9AAZ990A,1,0,1,1,3,176,1,93,11.967419354838709,1,4,1,5,4,3,1,7
0ZAA009A,0,1,0,2,3,349,0,199,-0.10839195979899498,1,5,2,4,5,4,0,10
Z999AAAZ,1,0,1,2,3,361,1,175,9.08622857142857,1,5,2,4,2,1,1,9
ZAAA9Z90,0,1,0,2,2,199,0,38,3.1476315789473683,1,5,1,3,2,4,0,9
A0AAA9AZ,0,0,1,2,2,779,0.61,591,4.193942470389171,1,5,3,3,4,2,1,8
AZZZZZAA,1,1,0,1,3,132,1,97,12.547319587628865,1,5,1,3,5,2,0,8
ZZAZA90Z,0,0,0,1,3,670,1,536,11.047070895522387,1,5,1,4,3,2,1,9
0000Z90A,0,0,0,1,5,314,0,155,2.0010967741935484,1,5,1,4,2,1,0,8
9Z0ZA00A,0,1,1,3,2,367,1,245,14.503510204081634,1,2,3,4,3,2,0,6
Z0Z9A9ZZ,1,0,0,1,3,201,0,38,3.091315789473684,1,4,1,2,4,4,1,8
0A9Z0AA0,0,0,1,1,3,543,0,179,-0.4547486033519553,1,5,3,5,4,1,0,9
A09ZZZZZ,0,0,0,2,2,381,0,175,-0.2536,1,5,4,5,4,2,0,10
ZA90A099,0,1,1,2,3,624,1,94,12.844148936170212,1,3,1,4,5,3,0,8
Z09Z9AZA,1,1,0,1,2,723,1,364,16.69587912087912,1,2,4,4,3,3,1,8
0A9090Z9,1,0,0,1,2,344,1,45,12.120444444444443,1,5,1,4,5,1,0,10
ZZ00ZZAA,1,0,0,1,2,403,0.21,375,8.176,1,3,2,3,3,2,1,8
Z0Z9090Z,0,0,0,1,3,611,1,39,7.86948717948718,1,4,1,3,2,4,0,9
Z99A0AZZ,1,0,0,1,4,313,1,75,14.156133333333333,1,3,2,3,5,1,0,9
A9000AA0,0,1,1,2,3,752,0,626,6.539760383386581,1,3,3,4,3,1,1,9
Z90A9A9Z,0,0,0,1,3,113,1,103,10.029708737864077,1,4,1,2,2,2,0,9
9A9AZ9AA,0,0,0,2,3,313,0.88,274,8.436861313868613,1,4,3,3,4,1,0,9
99090090,1,0,0,1,4,165,1,8,21.1775,1,5,4,3,2,2,1,8
ZZ990ZA9,0,0,0,2,4,455,0,18,3.6655555555555557,1,5,5,5,4,1,0,8
909AZ900,0,0,1,1,2,229,0,147,-0.8746938775510205,1,5,3,4,1,1,1,9
Z000AA0A,1,0,0,1,3,207,0.89,25,12.496400000000001,1,5,3,5,2,3,1,9
9ZZAZ9Z0,0,0,0,2,3,602,1,458,9.137794759825328,1,2,4,3,4,2,1,10
0ZZ00AZ0,0,1,1,1,3,569,0.96,140,7.639857142857142,1,3,2,2,2,2,1,8
9ZZ0ZAZ9,0,0,1,1,4,246,0,211,1.3609478672985784,1,2,2,4,3,2,0,6
9009AAZ0,1,1,1,1,2,773,0,454,6.6351321585903085,1,5,2,5,2,3,0,7
00AAZA0A,0,1,1,1,2,419,1,396,11.882070707070708,1,4,1,3,5,3,0,7
900ZAZA9,1,0,0,1,4,496,0.97,353,7.048725212464589,1,5,1,4,4,3,0,7
90A0ZAA0,1,0,0,1,3,600,0.07,444,9.196103603603603,1,5,2,5,5,3,0,8
A0Z9090A,0,0,1,1,3,482,1,380,9.786999999999999,1,3,5,2,4,1,1,10
0ZZ0ZZZZ,1,1,1,3,3,406,0.22,63,7.919682539682539,1,5,5,3,4,3,0,10
0A0AA99A,0,0,0,2,3,727,0.7,452,7.885685840707964,1,5,2,5,4,4,1,9
AA0AZ90A,1,0,0,3,4,364,0,304,7.7261513157894735,1,5,2,2,3,4,0,7
00Z9000Z,0,0,0,1,4,295,0.76,42,9.164761904761905,1,4,3,4,3,2,0,9
90ZAZZAA,1,1,1,2,3,680,0.4,309,11.807119741100324,1,4,4,5,3,5,0,9
9ZZAZ09Z,1,0,0,2,3,524,0,135,6.8262222222222215,1,2,2,4,3,2,0,9
9Z900990,1,0,0,2,2,643,1,182,11.444285714285716,1,5,2,5,1,3,1,10
ZAAAA9A9,0,0,0,2,3,314,0,267,1.678801498127341,1,3,1,4,5,1,0,10
99ZA9ZZA,0,0,0,1,4,691,0.09,618,5.918818770226537,1,3,1,3,4,2,0,10
900AAZZZ,1,0,0,1,3,138,0.58,34,6.910294117647059,1,3,5,3,5,3,0,7
9A0A0Z0A,0,0,1,1,3,343,0.57,149,5.064832214765101,1,5,3,3,3,1,1,9
0Z0A0A9A,1,1,0,1,4,655,0,477,7.815073375262054,1,5,1,3,4,2,0,8
Z0A909ZZ,0,0,0,1,3,692,0,279,4.59921146953405,1,5,3,4,4,2,0,9
9ZZZA99Z,0,1,0,1,3,479,0,475,3.967726315789474,1,4,2,4,3,3,0,10
009Z0Z90,1,1,0,1,1,152,1,117,14.51162393162393,1,5,3,4,4,1,0,10
A90Z9ZAA,1,0,0,2,2,525,0.6,68,7.484117647058824,1,5,1,2,4,3,1,6
AA09AAZZ,1,0,0,1,3,583,1,98,12.61295918367347,1,3,2,2,3,1,1,10
AAAAA909,1,0,0,2,4,721,0.26,566,8.288339222614841,0,4,2,3,3,4,1,9
Z9999Z00,0,1,1,1,2,765,0.86,69,7.4055072463768115,1,5,3,4,4,1,0,3
Z9900AA9,0,1,0,1,3,753,1,82,12.18609756097561,1,5,2,1,5,2,1,7
0A900ZZZ,0,0,0,3,2,488,0.8,136,9.507794117647059,1,3,1,5,3,2,0,5
A90A9A0Z,1,0,0,2,4,237,0.57,209,10.266315789473683,1,5,3,5,2,1,1,10
ZZ9Z0ZZZ,0,0,0,2,4,728,1,691,13.55943560057887,1,3,1,5,4,3,1,7
Z0Z09AAZ,0,0,0,2,3,415,0.84,388,5.712474226804124,1,4,1,3,3,1,0,6
0Z90ZAZA,0,0,0,1,3,683,0,196,1.7244387755102042,1,3,1,2,4,4,0,7
Z09ZA909,0,0,1,1,3,283,0,237,2.5675527426160336,1,5,1,4,4,3,1,8
AA0AZ9ZZ,1,1,0,1,3,510,1,41,16.11658536585366,1,4,2,5,4,1,1,10
0ZZAA0Z9,0,1,1,2,4,307,0.1,59,6.6484745762711865,1,5,3,4,3,3,1,9
ZA09ZZ90,0,0,0,1,4,565,0,201,-2.955820895522388,0,4,4,2,4,4,1,6
099A99ZZ,0,0,0,1,2,392,1,211,12.738436018957346,1,4,3,5,3,2,0,7
ZZ99909A,1,1,0,2,2,601,1,385,14.57696103896104,1,5,4,5,4,2,0,6
A00ZZ000,1,1,0,2,4,655,0,210,8.747333333333334,1,4,3,3,2,2,0,9
090Z9ZAZ,1,0,1,1,3,230,1,119,10.231680672268906,1,3,3,2,3,3,1,9
Z099Z99Z,1,0,0,1,3,150,0,143,5.608601398601398,0,5,2,4,2,2,1,7
ZAAA99AA,1,0,0,2,3,607,0.71,306,9.794640522875817,1,2,4,4,3,1,0,9
Z0Z0A00Z,0,0,0,1,3,181,0,50,3.0907999999999998,1,3,1,5,3,2,0,9
A9AZ0Z9Z,0,0,0,2,2,739,0.08,237,5.027426160337553,1,4,2,3,4,1,1,8
A909AAZ0,1,0,0,2,3,409,1,21,11.758095238095237,1,5,4,2,4,2,0,8
0A090A99,0,0,0,1,3,127,0.21,110,2.9662727272727274,1,4,5,4,4,4,1,10
9AZZ9ZAA,0,0,0,2,4,244,1,18,12.48611111111111,1,4,1,4,3,3,0,9
AAZ00090,0,1,1,1,3,505,0.33,441,8.133718820861677,1,5,2,5,3,3,0,9
999AAA09,1,0,1,1,3,538,0.39,362,7.964558011049724,1,4,2,5,5,3,1,10
ZZ9Z00Z0,0,0,1,2,4,564,0,254,-0.32448818897637793,1,4,4,4,4,1,0,8
00Z99990,1,0,0,2,4,761,0,288,-0.6625347222222222,1,4,2,3,4,2,0,8
9ZZAZ9ZZ,1,1,1,2,4,169,0,108,6.589166666666666,1,5,4,5,2,1,0,10
9A0AAA00,1,0,0,3,2,276,1,244,11.884590163934426,1,3,1,2,3,2,0,7
900ZZ0A0,1,0,0,2,3,229,1,94,14.410744680851062,1,5,2,4,5,2,1,8
0ZZAAZ9Z,0,1,0,1,1,143,0.06,50,8.3238,1,5,4,4,2,3,1,8
00AAZA99,0,1,0,2,4,707,0.66,175,9.45737142857143,1,3,4,3,4,4,0,10
AA909AZ0,1,1,0,1,4,365,0,34,9.031470588235294,1,3,4,2,5,3,0,9
Z9ZZ09Z0,1,1,0,1,3,577,0,426,9.481478873239437,1,4,4,3,5,4,0,10
090AZAAA,1,0,0,1,4,765,0,201,6.550597014925374,1,5,2,3,4,1,0,10
9Z9A0AA9,1,0,1,1,4,327,0.04,229,9.15524017467249,1,5,1,5,4,3,0,9
A990AAZZ,1,1,0,3,2,239,1,54,15.882037037037037,1,5,2,4,2,1,0,7
A00A9AA9,0,0,1,1,3,631,0,617,2.512706645056726,1,4,5,4,3,1,0,8
AZ99AAAA,0,0,0,1,2,201,1,172,5.825174418604651,1,5,2,5,2,3,0,6
ZZ909ZA0,1,0,0,1,3,454,1,289,9.490795847750865,1,5,1,2,3,2,0,7
A0AZA9Z9,0,1,0,3,3,227,0.69,112,8.239285714285714,1,5,5,5,4,1,0,7
9A000ZA0,1,0,0,2,4,496,0.84,401,10.656633416458854,1,4,1,4,4,1,1,8
AZ90A99Z,0,1,0,1,3,720,0,217,6.4240092165898615,1,4,3,4,2,3,1,8
AZ0A0A00,0,0,0,1,4,575,1,351,10.817749287749288,1,5,3,5,4,3,0,10
9ZZZAA9A,1,0,0,1,3,211,0.3,179,6.785921787709498,1,3,3,3,3,1,1,7
90A9Z9A9,1,0,0,1,4,175,1,104,10.631057692307694,1,3,4,4,2,3,1,8
099ZA9A0,0,1,1,1,4,482,1,127,12.668110236220471,1,4,1,4,3,3,0,8
A00AZZA0,0,1,0,1,3,622,0.06,75,6.818666666666666,1,5,2,3,4,3,0,10
ZA000ZAA,0,0,0,1,3,576,0.18,480,5.730708333333333,1,3,2,4,3,1,0,8
Z0A09ZA9,0,0,0,2,3,117,0.27,52,3.816730769230769,1,5,4,4,4,1,1,7
AZZ90ZZ9,0,1,0,4,3,202,0.16,35,6.818285714285714,1,5,3,4,2,3,0,10
A0AAA0Z9,0,1,0,1,3,459,1,2,15.53,1,4,1,5,4,1,0,7
9AA9909A,0,0,0,1,2,190,0.29,104,8.985865384615384,1,5,4,4,5,1,1,9
9ZZ909Z9,1,0,0,1,1,641,0.16,513,7.475263157894736,1,3,3,2,4,4,1,8
A900A0ZZ,1,0,1,1,3,193,0.39,85,7.538705882352941,0,4,3,3,4,1,0,7
ZA0Z9990,0,0,0,1,3,300,0.32,67,3.573731343283582,1,5,2,3,3,3,1,7
9AA00A0A,0,0,1,2,3,515,0.48,210,3.013047619047619,1,5,4,2,4,4,1,8
00ZZA9AZ,0,0,0,1,4,240,0,34,-1.5894117647058823,1,3,4,3,5,1,1,10
AZ0990ZZ,1,0,0,2,3,449,1,358,8.67673184357542,1,5,5,5,3,2,0,9
A9AZA9Z0,0,0,0,1,4,711,0.28,198,6.173888888888889,1,4,2,5,4,1,1,7
0Z9AZ9Z9,0,1,0,2,4,458,0.57,361,10.6798891966759,1,5,2,3,2,2,0,9
099ZA999,1,0,1,3,2,672,0,110,4.298454545454545,1,2,3,3,4,2,0,9
ZAA90ZAZ,0,0,1,1,3,277,1,226,10.541725663716813,1,5,3,1,5,4,1,8
9ZZ99ZAZ,0,1,1,2,2,165,1,50,8.6526,1,4,1,3,2,2,0,9
0AA900AZ,0,0,0,1,3,329,0,144,-0.14423611111111112,1,4,2,3,2,1,0,8
Z0A99999,1,0,0,2,3,662,0.46,272,9.771691176470588,1,4,3,2,2,2,0,8
90ZZ0ZA0,1,0,1,1,4,332,0.33,180,7.5169999999999995,1,4,2,4,3,4,0,7
0Z9A0ZZ9,1,0,0,1,4,204,0,35,1.9942857142857142,1,4,3,4,4,3,1,10
09AZ0090,1,0,0,1,2,615,1,241,12.700871369294605,1,5,1,2,2,1,1,9
AZ0ZAZZ0,0,0,1,1,3,279,0,232,0.8755603448275862,1,5,1,1,4,1,1,10
A009AAA0,0,0,0,2,3,336,0.58,334,7.943293413173652,1,4,3,3,4,2,1,3
AZ0ZAAZ9,0,0,0,2,3,300,1,159,8.30622641509434,1,5,4,3,4,2,0,6
0AZAA099,0,1,0,1,3,684,0.86,70,10.704142857142857,1,5,4,5,2,3,1,6
9AA900ZA,1,0,1,1,3,716,0.86,181,9.623149171270718,1,4,1,4,4,3,0,9
AZ00ZZ0A,0,1,0,5,2,639,0,344,3.3540116279069765,1,4,3,5,4,1,0,8
9ZZZ0090,1,0,1,2,3,725,0.66,250,5.84392,1,3,2,5,4,1,1,8
A0ZA0999,1,0,0,1,3,287,0,30,6.033,1,5,2,4,3,3,1,9
9Z0ZZ9AZ,0,0,0,1,4,376,0.82,81,5.601851851851852,1,3,2,3,3,2,0,6
Z0999Z00,0,0,1,2,4,697,0.24,502,4.157450199203187,1,5,4,4,2,3,0,8
A909Z09A,0,0,1,2,2,603,0,271,-0.8974907749077491,1,5,4,5,4,2,1,9
9Z0ZAZA9,1,0,0,2,4,657,0,195,3.6262564102564103,1,3,2,3,4,2,1,10
Z99A0AZ0,0,0,0,3,3,563,0,423,4.420709219858156,1,5,4,5,4,2,0,8
Z900ZA90,1,1,0,1,3,117,1,58,17.43758620689655,1,5,2,4,4,3,0,10
9ZA9AAZ9,0,0,0,2,2,451,0,119,3.643529411764706,1,4,5,3,3,2,1,8
00090Z0A,1,0,1,1,2,255,0.58,167,5.650239520958084,1,5,2,3,3,2,1,9
A0990ZZ0,1,0,0,1,2,256,0.52,152,6.3159210526315785,1,3,4,3,4,3,1,9
AZA0A00Z,1,0,0,1,4,287,1,148,14.520472972972975,1,5,2,4,4,1,0,8
00090Z9Z,0,0,0,1,3,120,0.11,24,4.9437500000000005,1,3,4,4,3,3,0,8
AA0AAZZ0,0,0,0,1,4,369,1,25,10.224,1,5,2,4,5,3,0,7
0ZZA090A,0,0,1,1,3,588,0.31,271,4.906125461254613,1,4,1,2,2,1,1,5
09A0999A,0,0,0,2,2,758,0,373,2.889383378016086,1,3,2,4,5,2,1,7
00090ZAZ,0,0,0,3,4,385,0.18,123,3.8528455284552843,1,4,4,3,3,1,1,10
0ZZ9Z099,1,1,0,1,4,696,0.95,178,11.571460674157303,1,3,1,5,4,2,0,9
090Z0090,1,1,0,2,2,775,0,144,7.237430555555556,1,5,4,3,3,3,0,9
0009Z00Z,0,0,0,1,4,496,0.36,387,7.052273901808785,1,5,3,3,5,3,1,10
ZZAAZZ0Z,1,0,1,1,3,301,0.7,10,8.036,1,5,2,3,4,1,0,9
A90Z9Z90,0,0,0,1,4,646,1,251,7.062390438247013,0,5,3,5,4,1,1,9
0Z9AZ90Z,0,1,0,1,4,437,0.21,100,6.8246,1,5,4,4,3,2,0,10
AA09Z9AZ,1,1,0,1,2,143,0,86,3.913488372093023,1,5,4,2,3,2,0,10
09AZ0A0A,0,0,0,2,3,547,0,377,-0.7543766578249336,1,4,2,4,3,1,0,10
09ZAA9ZZ,1,0,1,2,3,635,0,288,3.143784722222222,1,3,1,5,2,1,0,8
ZZ00AZAZ,0,1,0,2,4,406,1,277,16.036353790613717,1,5,2,4,3,1,1,10
9AZ990A9,0,1,0,1,2,220,0,90,6.470555555555555,1,5,3,3,5,1,1,8
Z0AAA000,1,1,1,1,3,100,1,72,12.486666666666666,1,5,2,4,3,2,1,9
00AZZ0ZZ,0,0,0,3,2,581,1,151,9.54794701986755,1,4,1,4,4,1,0,10
ZZA9909A,0,0,0,2,4,649,1,619,13.310516962843295,1,5,2,2,5,3,0,9
90900Z0Z,1,0,0,1,3,546,0.38,124,8.287500000000001,1,5,2,2,3,2,1,9
9Z0Z990Z,0,1,1,1,3,389,0,251,3.9296414342629484,1,5,1,2,2,3,0,6
099990ZA,0,1,0,1,4,629,1,397,14.206599496221664,1,3,3,5,5,1,1,7
0Z90A00A,0,1,0,2,1,719,0.61,657,10.917884322678843,1,5,3,5,3,3,0,10
A9AAA0A9,0,0,1,2,2,187,1,52,10.416923076923077,1,5,2,4,5,3,0,6
AAAAZ000,0,1,0,1,3,100,0,65,5.579692307692308,1,5,5,3,2,3,0,10
AZ00AA9Z,1,0,1,1,4,510,0.95,13,8.744615384615384,1,4,5,1,3,4,0,9
ZZ0A0009,0,0,0,2,3,240,0,106,-0.3289622641509434,1,5,3,4,4,1,1,9
9Z9A90Z9,1,0,1,2,3,379,0.37,67,8.423432835820895,1,3,2,2,3,2,0,5
ZZ0ZZZZZ,0,0,0,1,3,448,0.08,171,6.212046783625731,1,5,1,4,2,2,1,6
90AA99AZ,0,1,0,1,3,239,1,21,10.42095238095238,1,4,2,3,4,3,0,9
Z909Z9Z9,0,1,0,1,3,588,0,85,6.321529411764707,1,3,2,4,4,2,1,9
ZAA00Z00,1,1,0,1,4,125,1,88,14.582613636363636,1,5,4,3,4,2,0,8
00Z00Z99,1,0,0,1,1,747,0.9,472,9.834152542372882,1,5,4,3,3,1,0,8
ZZZZ0ZAA,0,0,0,1,3,574,0.28,407,3.1236855036855036,0,3,3,4,2,2,1,8
A999A0A9,1,0,0,1,2,673,0.82,352,10.962471590909091,1,3,3,5,4,1,1,7
09ZZA9AA,1,1,0,1,3,201,0,48,8.028125000000001,1,4,4,4,4,1,1,9
0Z90Z09Z,0,1,0,1,2,258,0.31,5,9.442,1,4,1,4,2,1,0,7
AZZ900ZZ,1,1,0,2,4,343,0,132,10.138257575757576,1,5,2,3,3,3,0,8
ZA0ZZZ99,0,0,0,1,3,401,0.58,22,7.813181818181818,0,3,2,3,5,4,1,9
090Z0Z90,0,0,0,1,2,353,1,324,11.506697530864198,0,4,3,3,4,2,0,9
09Z990A0,1,0,0,2,3,277,0.54,252,7.943253968253968,1,4,2,2,4,1,0,9
AA090AA9,0,1,0,1,3,172,1,58,16.806896551724137,1,5,2,4,4,2,0,10
A990Z99A,0,1,0,1,2,129,0,37,-0.9221621621621621,1,2,3,4,4,3,0,8
990A0ZZ9,0,0,0,2,3,540,0,264,1.462159090909091,1,4,3,3,4,3,1,8
AAZA0ZZZ,1,1,0,2,3,558,0,228,9.449166666666667,1,5,2,4,3,3,0,7
AAA0ZZA0,1,0,0,2,4,777,1,469,10.719893390191897,1,5,3,5,2,2,0,6
ZZA0A900,1,0,0,2,3,189,1,150,14.845466666666669,1,3,3,2,4,3,0,9
9ZA9Z9AZ,0,0,0,3,2,429,1,357,11.781092436974792,1,5,1,5,4,1,0,9
999AAZZZ,1,0,0,1,3,600,1,30,12.086666666666668,1,5,1,3,3,1,0,8
90ZZA00Z,0,0,0,2,3,194,1,166,7.167168674698795,1,5,1,2,3,4,0,8
9ZAZ909A,0,0,1,2,2,423,0,124,-0.12403225806451613,1,4,4,5,5,2,0,8
9Z09ZZAZ,0,0,0,1,2,514,0.57,501,6.172415169660679,1,5,2,1,4,1,1,6
00ZA0Z90,0,1,1,1,4,188,0.09,111,7.063513513513513,1,3,2,4,5,1,0,9
0Z9A9999,0,0,0,2,3,608,0.66,426,9.567887323943662,1,3,3,4,2,3,0,10
99A09900,0,1,0,2,4,539,0,113,8.24495575221239,1,5,5,5,5,2,0,7
AZAZZZZ0,1,0,0,1,3,244,0.62,120,7.303833333333333,1,4,3,5,1,2,1,10
09A9Z09A,0,1,0,1,3,235,0,150,2.2712,1,5,4,3,4,4,0,7
00Z9Z009,1,0,1,1,2,322,0.55,268,8.189440298507463,1,5,2,4,3,3,0,8
ZZZZ99Z0,1,1,1,3,3,701,0,642,6.506417445482866,1,3,1,3,3,1,0,7
ZA9A09A9,1,1,0,3,3,568,1,33,15.544848484848485,1,2,2,5,4,1,1,9
A999ZZAZ,1,0,0,2,3,301,1,204,15.254656862745097,1,5,4,4,3,4,1,6
AAAA0AZ9,0,0,0,3,4,519,0.85,305,7.464327868852458,1,5,4,3,5,1,0,9
A9A0ZAZZ,0,1,1,2,3,706,0,561,2.077860962566845,1,5,4,4,3,1,0,10
AA0ZZAZA,0,1,0,2,3,280,0.14,89,7.64876404494382,1,3,2,4,2,1,0,9
9Z909900,0,0,0,1,3,128,0,78,4.3505128205128205,1,4,1,3,3,3,0,8
9Z909AAZ,0,0,0,1,2,106,0.36,104,3.8090384615384614,1,3,5,4,4,2,0,8
9ZZZAAZ9,0,0,0,1,4,426,0,290,1.9460689655172414,1,3,3,3,5,1,1,10
9Z9009Z9,1,0,0,1,2,612,0,547,4.287897623400366,1,3,1,3,3,2,1,10
9A900AZA,1,0,0,1,4,151,0,33,7.154545454545454,1,3,4,4,4,1,0,9
009ZA9A0,0,1,0,2,2,132,0,10,5.973,1,5,2,4,3,4,0,10
A09AA0A9,0,0,1,1,3,415,0.07,19,1.8178947368421052,1,3,1,3,2,2,0,10
0ZZ09A9Z,1,0,0,1,2,753,0,152,8.313684210526317,1,5,2,2,2,4,0,9
A99AA9ZZ,0,0,1,1,2,349,0.72,82,7.386829268292683,1,4,3,3,2,2,1,7
0A00ZZ9Z,0,0,0,1,3,535,0,213,5.795680751173709,1,4,4,5,4,4,0,7
99A9AZAZ,0,0,1,2,3,253,0,64,0.50140625,1,4,1,4,4,3,1,10
0ZZ9009A,0,1,0,1,3,734,1,189,12.087142857142856,1,5,5,3,2,1,0,10
099AZ0AA,1,1,0,1,3,532,0.04,294,9.142721088435374,1,4,1,3,3,1,1,9
9Z990A0A,0,0,1,2,4,475,0,213,0.765962441314554,1,5,2,4,4,1,0,9
ZZ0AAAZZ,0,1,0,1,3,687,1,298,14.383355704697985,1,4,2,5,4,2,0,5
ZA0Z0009,1,1,1,3,3,509,1,167,15.350119760479041,1,5,3,3,4,2,0,9
Z9A00AZ9,1,1,0,3,2,558,0.28,145,9.59944827586207,1,5,4,4,5,2,1,9
Z0A9A0AZ,0,1,1,3,3,401,0.85,289,6.256608996539793,1,5,1,4,4,3,1,10
A99AZA0A,0,0,0,1,3,747,0,538,1.052360594795539,1,5,4,4,3,2,1,7
Z9900ZAA,0,0,1,3,2,315,0.13,156,4.796474358974359,1,5,2,3,4,2,1,8
AZ00AA0Z,1,1,0,1,3,314,0,150,9.475466666666666,1,3,1,3,3,2,0,8
0ZZZZAZ9,1,1,0,3,3,673,0.12,598,11.468695652173913,1,4,4,3,2,1,0,7
ZZZ0AA9A,1,1,1,1,3,784,1,486,13.107489711934155,1,5,4,5,4,2,1,10
ZA099ZZA,0,1,0,3,4,467,1,247,13.265587044534412,1,4,3,2,4,2,0,9
0A00A9Z9,0,1,0,1,4,245,0.24,181,9.800994475138122,1,5,2,5,3,5,1,5
AZ90ZAA9,0,0,0,1,3,672,0,72,4.213333333333334,1,3,2,3,4,2,1,9
090A90Z9,0,0,0,2,3,773,0,338,5.908431952662721,1,5,1,4,4,2,0,10
Z0A09A09,0,1,0,1,3,646,0.08,13,8.253846153846153,1,4,3,5,2,2,1,5
099A90Z0,1,0,0,1,4,348,0.27,191,7.791413612565446,1,2,3,4,5,3,0,8
9A9ZAA09,0,0,1,1,4,507,0,40,3.778,1,2,2,4,3,2,0,8
ZZ99Z99Z,0,0,0,1,3,715,0,114,3.043859649122807,1,5,2,3,4,3,1,9
9AA0A00A,0,0,0,4,4,686,0,6,2.11,1,5,1,2,3,4,0,8
A0Z00AZA,1,0,0,1,3,556,0.4,237,8.548016877637131,1,3,4,4,4,2,0,10
9ZZ09ZAA,0,0,0,1,3,386,0.29,127,4.9258267716535435,1,4,3,4,5,3,1,7
AZZA09A0,0,0,0,1,4,695,1,584,11.670907534246576,1,3,1,3,4,2,1,7
90900990,0,0,1,3,1,220,1,211,7.889289099526067,1,5,1,5,3,2,1,10
0AZZ0Z00,1,0,0,1,2,188,0.21,129,7.514883720930232,1,5,3,4,4,3,1,7
00ZZ9A9A,0,1,0,2,3,458,1,8,10.37875,1,5,2,4,4,4,1,6
90AZ99Z9,1,1,0,1,2,392,0,232,6.298922413793103,1,5,4,5,4,1,0,9
0A9Z00Z9,0,0,1,1,3,584,0,320,-1.4336562499999999,0,5,3,4,3,1,0,7
00A900AA,0,0,0,1,3,249,0,74,3.501081081081081,1,5,5,3,4,3,0,8
ZZ9090A0,1,0,0,2,3,621,0.21,424,8.311816037735849,1,4,3,4,2,1,1,8
A999Z999,0,0,0,1,4,606,0.12,110,3.167181818181818,1,5,1,3,4,3,0,10
A09Z9A09,0,0,0,1,3,268,0,35,3.365142857142857,1,4,3,3,5,4,0,10
A909Z0Z0,1,1,1,1,2,488,0,244,10.346516393442624,1,5,3,5,2,1,0,9
Z9A99Z0Z,0,0,0,1,3,783,0.19,152,4.619407894736842,1,5,3,3,4,3,0,9
9Z09ZZ0Z,0,0,0,2,3,463,0.85,3,7.596666666666667,1,4,2,5,2,3,1,7
9Z9ZAA09,1,1,0,2,3,624,0.42,146,11.804794520547945,1,4,4,5,2,3,0,7
99A99A99,0,0,0,1,4,237,1,99,10.06959595959596,1,5,3,3,4,1,1,7
00A9AZ9Z,0,0,0,1,4,483,0,76,2.77,1,5,3,3,1,2,1,8
99990900,0,0,0,1,3,133,0.55,92,6.532934782608695,1,4,3,5,3,1,0,8
A99ZZZAZ,0,0,0,2,3,426,0,344,6.462325581395349,1,5,3,3,3,2,0,7
9ZZ9A99Z,0,1,0,2,4,632,0.81,50,10.927200000000001,1,4,2,4,4,2,0,7
9ZZA0A90,0,0,0,1,3,108,0,31,5.678387096774194,1,5,3,4,4,1,1,8
99Z9AA90,0,1,0,1,5,104,0,98,8.144897959183673,1,4,2,3,3,4,0,9
09AA90ZZ,1,0,0,3,3,335,1,274,16.15667883211679,1,5,2,2,4,3,0,10
009AZ9AA,1,0,1,2,2,152,1,71,12.431408450704225,1,3,5,3,3,3,0,7
AA0A0A9A,1,1,1,1,2,555,0.35,209,8.031291866028708,1,5,2,3,4,2,0,10
9Z900000,0,0,0,2,3,509,1,292,6.500547945205479,1,5,2,3,4,1,0,9
99ZAZ0A9,1,1,1,1,2,187,0.94,153,10.926666666666666,1,5,1,5,3,3,1,10
0ZZZ9Z9A,1,1,0,1,4,249,0,132,6.946818181818182,1,5,2,4,4,1,0,8
900A99Z0,1,0,0,2,3,480,0,221,3.803484162895928,1,3,1,4,3,3,0,8
ZZZZ90Z0,0,0,0,2,4,136,0.22,75,5.817066666666666,1,4,4,3,5,1,0,7
AAZ90Z90,1,1,0,1,3,519,0.7,424,11.694292452830188,1,4,5,3,2,1,0,10
AA0ZAA00,0,1,0,2,3,674,0.95,166,10.861746987951808,1,2,1,3,3,2,0,9
A9090Z90,1,0,0,1,2,342,0,308,3.4375,1,4,1,2,4,2,1,9
AZZ009AA,0,0,1,1,3,706,1,368,8.876929347826087,1,5,2,5,2,3,0,7
Z00A909A,0,0,1,2,4,376,1,289,12.758685121107268,1,4,5,3,4,3,1,9
AZAA09Z0,1,1,0,1,3,412,0,60,6.036333333333333,1,4,4,4,4,1,1,8
9A0A9Z0A,1,1,0,1,4,237,1,37,15.621891891891892,0,4,5,3,3,3,1,10
A999A9AZ,0,0,0,4,3,719,1,199,10.393517587939698,1,4,3,4,3,2,1,10
9AA00A00,0,0,1,4,2,263,1,78,8.317307692307692,0,4,1,3,4,3,0,10
AAAAZ0A9,0,1,1,4,3,747,0.35,635,6.111889763779528,1,3,2,4,5,1,1,10
9AZ9ZAZZ,0,1,0,2,3,105,0.6,64,8.2003125,1,5,3,4,4,1,1,8
9009Z0Z0,0,0,0,2,2,360,1,71,11.824788732394365,1,3,2,5,2,1,0,9
0Z9Z9AA9,1,1,0,1,3,194,0,132,8.55310606060606,1,5,4,4,3,4,0,8
9090ZA0Z,1,0,1,3,3,762,1,606,13.217854785478549,1,5,3,5,5,1,0,6
00AA0090,1,1,0,1,3,543,0,505,4.975227722772277,1,5,3,4,4,3,1,9
Z00A9ZAZ,0,0,0,2,3,439,1,53,10.26509433962264,1,2,1,4,4,2,1,10
0AZ9Z990,0,0,1,1,4,718,0,660,0.6576363636363637,1,3,1,3,4,1,1,8
Z0A0Z0AZ,1,0,0,1,1,677,0.52,463,8.761900647948165,1,5,4,3,4,3,0,8
A09A0A9Z,0,0,1,1,3,406,1,25,7.4192,1,4,2,1,2,2,1,6
Z99099Z9,1,0,0,1,5,752,1,576,13.256857638888889,0,5,1,4,3,2,1,9
0909ZAZZ,0,0,0,1,3,583,0.18,111,2.364144144144144,1,5,1,4,4,2,0,8
ZZZAA000,0,0,0,1,2,607,0,575,1.1616869565217391,1,5,3,3,4,3,0,9
A000ZZ0A,0,0,0,1,4,772,0,377,3.42920424403183,1,4,3,3,2,2,0,10
99A0Z99Z,1,1,1,1,3,604,1,40,14.3355,1,5,3,5,3,3,0,8
Z00Z99AA,1,0,1,2,4,532,1,82,16.079268292682926,1,5,3,4,4,1,1,8
AA0AAAAZ,1,1,0,1,5,594,0,396,7.8206313131313125,1,5,4,4,4,1,1,9
AAZAA0AA,0,1,0,2,4,757,0,103,4.131844660194175,1,2,3,3,3,2,1,10
909Z0ZA0,0,0,0,1,2,572,0.29,258,5.475348837209303,1,5,2,4,5,4,1,6
0ZAAAZAZ,0,1,0,1,4,280,1,174,15.455689655172414,1,2,2,5,3,3,1,6
Z9ZZZZ0Z,1,1,0,1,3,511,0.47,14,10.02357142857143,1,2,4,3,4,2,0,10
9ZA009AZ,0,0,0,3,13,12,1,4,3.5825,0,3,3,4,2,1,1,9
A99A09AA,0,0,0,1,17,3,0,2,-0.99,1,2,2,4,1,2,0,9
AZ09ZAA9,0,0,1,1,18,16,0.73,3,1.74,1,3,2,4,2,3,0,9
099Z9A09,0,0,1,1,19,4,0.32,2,3.3,0,3,4,3,2,1,0,8
AAA90A0Z,0,0,1,1,16,10,0,7,-4.212857142857143,0,2,3,3,2,4,0,8
ZAA0A09A,0,0,1,2,18,14,0,3,-6.260000000000001,0,2,3,4,2,5,1,10
AAZ90AZ0,0,0,0,2,20,5,1,2,3.37,0,4,2,4,3,3,0,8
Z0ZZZ9Z9,0,0,0,1,20,25,0,13,-2.1715384615384616,0,4,1,2,3,2,1,8
009AAAAA,0,0,0,1,17,22,0.6,13,-1.2946153846153845,1,3,4,4,2,4,1,8
ZA9ZAZ09,0,0,1,2,17,27,1,5,4.5,0,2,3,3,2,4,1,9
0Z99A909,0,0,1,1,15,24,1,1,7.47,0,3,3,3,2,3,1,8
99Z0AZ99,0,0,0,2,12,12,1,8,6.225,0,1,1,3,4,4,1,7
9Z9900Z0,0,0,0,3,13,25,0.45,8,0.1425,0,4,3,5,5,3,0,8
909909AA,0,0,0,2,15,21,0.87,10,1.3679999999999999,0,4,4,2,4,2,0,7
AZ0Z0Z0A,0,0,1,1,16,7,0.28,6,-0.4583333333333333,0,4,2,4,4,3,0,8
0000Z990,0,0,0,1,16,29,0,4,-0.78,0,3,3,4,2,3,0,6
A0Z99A9A,0,0,0,1,13,12,0,3,-1.0633333333333332,0,5,2,4,3,3,0,6
0AA99900,0,0,1,3,14,27,0,14,-0.6307142857142857,1,3,4,3,1,3,0,7
ZA0AZA99,0,0,0,1,14,10,1,4,4.82,0,4,4,2,2,2,1,9
0Z9A00A9,0,0,0,2,19,10,0,1,-0.28,1,2,3,5,3,2,0,9
ZZ90ZZZA,0,0,0,3,16,30,0.1,3,0.82,0,1,2,4,3,4,0,8
900AA00Z,0,0,0,1,18,29,1,18,5.717777777777778,0,3,4,4,3,1,0,8
99A0ZAAA,0,0,1,1,15,28,0,4,-3.8925,0,4,3,4,2,1,0,6
9ZZ9A999,0,0,1,2,17,4,0.76,4,-0.7275,0,3,3,3,5,2,1,6
9ZA0Z00A,0,0,0,3,16,16,0,9,-3.214444444444444,0,3,2,4,2,3,0,10
9AA99AAZ,0,0,1,1,14,29,0,1,0.56,0,4,2,4,2,1,0,9
9A90AA0Z,0,0,1,1,17,19,0.47,5,0.312,0,5,3,2,3,2,1,7
0Z990ZZZ,0,0,0,4,16,29,0.74,13,1.9061538461538463,1,5,3,3,3,2,0,10
Z090A0ZZ,0,0,0,1,16,24,0,6,-1.0133333333333334,1,5,2,3,2,2,1,7
ZA9AZ999,0,0,0,2,15,16,0,12,-4.5525,0,3,3,3,2,2,0,7
9Z0AAAA9,0,0,0,2,22,24,0.97,10,3.1079999999999997,0,2,4,3,4,2,0,9
00ZAZ09A,0,0,0,4,15,1,0,1,-5.25,1,4,3,3,1,4,1,9
009AZZZ9,0,0,1,2,10,9,0,3,-2.466666666666667,0,4,3,2,3,4,1,8
Z9AZZA9A,0,0,0,1,16,12,0.89,12,1.6825,1,3,2,4,4,2,1,10
AZ9Z9ZZZ,0,0,0,1,18,26,0.49,7,4.042857142857143,0,1,4,1,3,2,1,9
A00A90A0,1,0,0,3,18,26,0,22,-0.5363636363636364,0,2,4,2,3,2,0,6
Z9AA09ZZ,0,0,0,2,19,29,0,16,-9.69875,1,2,2,4,5,3,1,9
ZZA9ZAA0,0,0,0,1,11,7,1,4,8.3875,0,4,3,4,2,3,1,7
90000ZA9,0,0,0,1,20,29,0,10,0.8779999999999999,0,3,3,5,5,1,1,9
A9909A9Z,0,0,0,3,15,9,1,4,4.47,0,3,2,4,3,4,0,8
A90Z9Z0Z,0,0,1,2,10,13,0.09,4,-0.625,0,2,4,3,3,2,0,5
99Z900A9,0,0,1,1,12,18,0.44,17,0.27294117647058824,1,4,2,2,4,1,0,8
A0A09A90,0,0,0,2,11,22,0.2,13,0.27076923076923076,0,2,2,4,2,2,1,8
ZZ9A099Z,0,0,0,1,17,9,1,5,7.68,0,3,4,3,3,5,1,7
0A00A9A9,1,0,1,2,15,26,0.54,12,4.5975,1,4,2,4,4,3,1,7
A99000AZ,0,1,0,2,22,11,0,3,-7.353333333333333,0,3,2,5,3,3,0,8
ZAZ99Z9A,0,0,1,2,13,20,0,2,-6.885,0,5,4,4,3,4,0,9
Z909ZAZ9,1,0,0,2,16,14,0.71,3,5.17,0,4,2,2,3,3,1,7
ZAA0ZZ9A,0,0,1,2,18,22,0,1,1.81,1,3,4,2,4,5,1,6
ZAAZZ0Z9,0,0,0,1,19,21,0,13,-7.945384615384616,1,2,2,4,3,4,1,8
ZZ900ZA0,0,0,0,1,12,2,0,1,-0.2,1,4,4,2,3,3,1,8
9A9099A9,0,0,1,1,10,29,0.89,26,2.861923076923077,0,4,1,3,3,3,1,9
0AA90000,0,0,0,1,14,22,0,15,-2.67,0,2,2,4,4,3,1,10
A9000Z0A,1,0,1,1,13,6,0.73,5,3.9259999999999997,1,4,4,5,4,2,0,9
AA099ZZA,0,0,0,1,19,4,1,4,5,1,2,2,3,4,4,0,10
0ZZZ99A0,0,0,1,1,17,22,1,1,-0.2,0,5,3,1,5,2,0,8
0Z0000ZA,0,0,1,1,15,18,0,3,0.9133333333333334,1,2,2,4,1,4,0,8
0ZA9Z9AA,0,0,1,1,9,2,0.11,2,-2.16,1,1,3,4,4,2,1,9
9Z9ZAZAZ,0,0,0,2,19,16,0,16,-8.198125,0,3,3,4,2,3,1,7
ZA09A90Z,0,0,0,1,16,9,0.73,8,0.47875,0,2,3,5,4,2,0,6
AZZ0Z090,0,0,1,2,16,16,0,6,-1.135,0,5,2,2,3,3,1,10
Z9ZZZ9A0,0,0,0,3,9,26,0,21,-3.505238095238095,0,4,4,5,3,2,0,9
9ZA0AZZ0,0,0,0,1,11,6,0,2,-0.44,0,2,2,3,2,3,1,10
Z99A99A9,0,0,0,1,20,21,1,4,6.145,1,2,4,4,3,4,0,6
09Z9Z09Z,0,0,1,2,16,20,0.05,8,-0.90875,0,4,3,2,4,2,0,7
9ZA00ZA0,0,0,0,1,11,16,0.06,6,1.3333333333333333,0,2,1,5,3,3,1,10
9A9ZA09Z,0,0,1,2,16,13,0.04,9,-5.066666666666666,0,3,2,5,4,2,1,10
09ZZA090,0,0,0,2,19,25,0,21,-3.06,1,3,4,4,4,3,0,8
9AA0A9ZA,0,0,0,4,18,5,0.45,3,-0.7466666666666667,0,4,2,5,4,3,1,9
A0909ZA0,0,1,1,2,16,6,0.71,3,6.006666666666667,0,3,4,3,4,4,1,9
Z0AZAAAA,0,0,0,2,6,14,1,3,8.923333333333334,0,3,2,3,2,2,1,10
Z90Z00ZZ,0,0,0,2,13,10,0.78,2,0.57,0,2,1,4,5,2,0,10
9A0A0AZA,0,0,0,1,14,16,0,14,-2.047142857142857,0,5,3,4,2,3,0,6
9A00A9AZ,0,0,1,5,11,17,0.56,8,-0.025,0,3,1,4,1,5,0,10
Z090AZ0Z,0,0,1,1,18,20,1,17,1.714705882352941,0,3,1,1,5,2,0,10
9AZA0Z90,0,0,0,3,14,6,0,1,-6.92,0,5,3,4,4,3,1,9
909ZA990,0,0,1,1,19,16,0,1,-1.98,0,3,2,4,4,1,0,9
09AZ0ZZZ,0,0,0,1,18,15,1,5,10.352,0,1,2,4,3,4,1,7
9Z9AAA9Z,0,0,0,1,19,17,0,6,-5.291666666666667,0,2,2,5,2,4,1,10
9AZZZ9A0,0,0,0,1,23,5,0.53,3,1.8666666666666665,0,2,2,2,3,5,1,9
Z0AA9A0A,0,0,1,1,19,23,1,19,5.795263157894737,0,1,2,3,4,4,1,8
AZ090Z09,0,0,1,2,11,9,0.59,2,0.61,1,3,2,3,5,3,0,10
0009AZA9,0,0,1,1,12,6,0,5,-3.8619999999999997,0,4,2,3,3,5,1,8
ZAZ0ZA90,0,0,0,3,9,3,0,2,-3.78,1,4,3,4,3,3,1,9
A900Z0Z9,0,1,0,1,19,7,0.87,5,6.866,0,4,2,3,4,3,0,9
9090Z9ZZ,0,0,1,1,15,4,1,1,-0.66,0,3,3,3,1,3,0,10
AZZA0Z0Z,0,0,0,4,16,19,0,19,0.01894736842105263,1,5,4,5,3,2,1,9
000ZAA0A,0,0,0,2,10,11,0.81,10,4.369,1,4,3,2,4,5,1,8
Z09Z00Z9,0,0,0,1,18,10,0,4,-2.5775,0,2,2,2,2,2,1,9
Z090AZ9Z,0,0,0,1,18,18,1,4,6.1,0,3,4,2,5,5,0,5
ZA9AZ09Z,0,0,1,2,14,6,0.53,3,0.12666666666666668,0,4,2,3,3,2,0,7
A0900Z09,0,0,0,1,19,14,0,13,-3.287692307692308,0,3,1,3,5,5,1,8
ZA0Z9AZ9,0,0,0,1,14,3,0.41,2,-0.245,0,2,2,5,3,5,1,10
99AA0099,0,0,1,1,17,28,0.98,23,-0.9869565217391304,1,2,3,3,4,2,0,9
099Z900A,0,0,0,1,12,24,1,4,4.275,0,3,2,4,5,5,1,6
909ZZAZ0,0,0,0,1,20,9,0,3,-0.7866666666666666,0,2,3,3,3,1,0,10
Z0990000,0,0,0,2,24,9,0.89,2,0.84,0,5,5,5,4,1,0,5
AZ9A0999,0,0,1,1,16,19,0,19,-0.9942105263157895,0,4,2,5,2,1,0,10
0A9ZZA9Z,0,0,1,1,13,3,0.7,2,0.705,0,4,2,3,3,2,1,10
ZZ9Z0AZA,1,0,0,1,15,26,0.76,21,6.06047619047619,1,4,1,5,3,4,0,7
Z99ZZ0A9,0,0,0,1,16,7,0,6,-8.555,0,2,2,4,3,3,0,8
ZZ9ZZAA0,0,0,0,1,24,25,0.36,5,2.682,0,3,3,5,4,4,1,10
0ZZ909ZZ,0,0,1,3,12,16,0,8,-7.945,0,4,2,3,3,4,1,8
0Z0909AA,0,0,0,2,14,16,1,6,7.8,0,1,4,4,2,3,0,8
Z099ZZ90,0,0,0,1,13,21,1,12,2.5083333333333333,0,5,3,5,4,4,1,8
000Z0A9Z,0,0,0,1,17,20,0.01,4,-1.64,0,3,2,3,3,5,1,10
99990ZZ0,0,0,1,1,11,27,0.37,20,-1.0074999999999998,0,2,1,4,2,5,1,10
ZAAA0AZ9,0,0,0,1,12,25,1,8,5.26625,0,4,3,3,3,5,1,8
999A900Z,0,0,0,1,13,22,0.53,5,1.934,0,1,2,4,3,3,1,8
00ZA0Z9Z,0,0,0,1,13,7,1,4,3.955,0,1,1,4,2,4,0,9
9Z9Z00ZZ,0,0,0,1,17,15,0,12,-4.5183333333333335,0,4,2,4,3,2,0,10
0Z00A9ZA,0,0,1,1,14,9,0,1,-4.04,1,4,3,4,1,3,0,10
909AA909,0,0,0,3,13,17,1,12,8.09,0,3,1,5,3,3,0,7
AA9A9Z90,0,0,1,1,12,28,0.92,14,1.075,0,1,4,4,1,4,1,8
0AZ9AZ00,0,0,1,1,19,10,0,7,-7.822857142857143,0,3,3,5,4,5,1,6
Z00Z09AZ,0,0,0,2,11,22,1,6,6.285,0,4,2,1,2,2,0,7
9ZAA9090,0,0,0,3,14,21,0,2,-4.71,0,2,2,3,3,2,0,9
9ZA0A9ZZ,0,0,0,1,14,7,1,6,8.358333333333333,0,4,3,2,4,2,0,10
AZ0A0AZ0,0,0,1,3,16,19,0.64,6,0.3233333333333333,0,3,3,1,5,5,0,10
09Z0ZAZ9,0,0,1,2,11,25,0.86,20,0.2405,1,2,2,4,4,3,1,10
Z9AZAZZ0,0,0,1,1,14,4,0,2,-4.895,0,2,2,3,2,3,1,5
09Z909ZZ,0,0,1,3,13,3,1,2,6.335,0,3,2,3,1,2,0,10
0ZZ0ZAZ9,0,0,0,2,12,10,0,6,1.3083333333333333,0,2,1,4,3,2,1,10
A90ZZ90A,0,0,0,3,19,20,0,12,-7.719166666666666,1,4,3,4,3,3,1,8
0Z0900A9,0,0,0,1,17,8,0,7,-2.6185714285714283,0,4,1,4,3,3,0,8
A9AZZ9A9,0,0,0,1,17,29,0.19,15,1.9460000000000002,0,4,4,4,3,4,0,7
900990A0,0,0,0,1,11,24,0,1,-13.32,1,3,4,4,2,4,0,5
Z99ZAAZZ,0,0,0,1,17,11,0,9,-4.53,0,2,2,2,4,2,1,9
90ZZ0AZZ,0,0,1,1,7,18,0,5,-8.144,0,4,4,4,2,2,0,8
0ZZZ90ZA,0,0,1,1,12,27,0,12,-13.470833333333333,0,5,2,4,2,5,1,7
990A000A,0,0,0,1,9,23,0,2,0.4,0,5,1,5,4,5,0,9
A099A99A,0,0,0,1,19,21,0.57,14,-0.7421428571428572,0,5,3,3,3,2,1,10
AZAZZ9AA,0,0,0,1,12,6,1,1,0.22,0,2,3,5,3,4,0,10
ZZZA9ZZ0,0,0,1,1,8,26,1,22,1.7268181818181818,0,5,3,2,3,3,1,8
09Z009ZZ,0,0,0,1,17,4,0.37,2,2.74,0,1,4,3,2,2,0,6
Z099A909,0,0,0,1,11,9,0.44,4,0.3575,0,4,1,4,5,4,1,7
0ZZZZ90A,0,0,0,2,19,19,1,2,5.94,1,5,4,3,4,4,1,8
AAA9AAAZ,0,0,0,1,15,4,0,4,-4.1925,1,4,2,3,5,4,1,10
A000A9AZ,0,0,0,2,14,2,0,2,-3.625,0,4,3,2,4,2,1,9
0ZAZ999A,0,0,0,1,15,23,0.61,8,2.45125,0,2,1,3,1,1,1,9
ZAZ00A09,0,0,1,2,13,22,0,2,0.125,1,4,3,1,2,2,0,9
099A0990,0,0,1,2,17,19,1,11,5.434545454545455,0,3,3,4,5,4,0,7
90A9Z0Z0,0,0,0,2,13,5,0.48,2,1.13,1,4,3,4,4,3,1,7
ZZZ00990,0,0,0,1,18,6,0.37,4,1.25,0,4,4,4,3,2,0,8
09AZZ09A,0,0,0,2,15,17,1,14,4.486428571428571,1,3,1,4,4,3,0,10
9Z00A000,0,0,0,1,18,25,0.31,9,0.6844444444444444,1,2,2,4,3,3,0,8
0Z0AAA9Z,0,0,1,1,13,8,0.8,4,0.7075,0,3,3,3,3,2,1,9
0ZZ99A9A,0,0,0,1,15,15,0,13,0.6446153846153847,0,4,1,4,1,2,1,9
Z09ZA9A0,0,0,1,1,3,5,0.78,4,2.6775,0,4,1,4,2,1,0,8
9A9ZAZ9Z,0,0,0,2,14,20,0.52,14,4.55,1,4,1,5,3,4,0,10
0AZZAA9Z,1,0,1,3,17,6,1,2,4.465,0,2,2,4,2,1,1,8
ZA00A099,0,0,0,2,15,15,0,12,-4.565,0,2,2,3,2,3,1,6
009AAZAZ,0,0,0,1,20,6,1,5,6.866,0,4,3,5,3,3,1,10
Z9A09ZZA,0,0,1,2,14,24,0.41,13,0.573076923076923,0,2,2,2,5,5,1,7
00AAA9A0,0,0,0,1,11,18,1,14,7.136428571428572,0,4,2,5,3,3,0,8
Z9A0ZA0A,0,0,1,1,15,15,0.26,13,0.6269230769230769,1,5,3,4,2,3,0,7
A9Z0A99Z,0,0,0,1,23,10,0,9,-9.74,0,4,2,4,5,4,0,5
A90AZ0ZA,0,0,0,2,12,17,0,17,-2.078823529411765,0,3,1,4,3,3,0,9
ZA0Z00AZ,0,0,0,1,14,3,1,1,4.74,0,2,3,1,4,4,0,8
ZA0ZZ0ZA,0,0,0,3,16,20,0,10,-2.268,0,4,2,4,2,3,1,9
Z9ZA0090,0,0,1,1,20,9,1,2,3.62,0,2,4,4,5,4,1,9
ZZ90AA9Z,0,0,0,1,20,27,0.11,17,-1.6058823529411765,0,4,3,3,3,3,0,9
9ZZA9999,0,0,1,1,12,26,1,7,6.271428571428571,0,2,2,2,1,5,1,7
A009ZA0Z,0,0,0,1,18,6,1,1,5.69,0,3,3,5,4,2,0,9
ZAZ9A9AA,0,0,0,2,16,12,0,9,-0.30444444444444446,1,2,3,1,3,2,0,8
0ZZZ0Z90,0,0,1,3,18,11,0.86,8,1.4325,0,4,3,5,2,5,1,6
Z0Z9Z9AA,0,0,0,1,26,11,0.44,7,0.1742857142857143,0,3,3,4,3,4,0,10
Z0Z0Z09Z,0,0,0,2,10,8,0,7,-0.7185714285714286,0,1,1,4,3,2,1,6
99Z9AZ9Z,0,0,0,1,19,3,0.96,2,6.23,0,3,3,3,3,3,0,9
0Z0AZ00Z,0,0,0,2,10,13,0,9,-3.8122222222222226,0,2,4,4,4,4,0,6
9Z9AZZZA,0,0,0,1,16,14,0,9,-4.096666666666667,0,3,1,3,3,4,0,8
909AZAZZ,0,0,0,3,16,24,0,15,-1.794,0,4,2,2,3,5,0,9
A0Z00Z00,0,0,1,1,18,7,1,5,2.35,0,3,3,3,5,4,0,8
00Z009A9,0,0,0,1,22,12,0.22,11,-0.25181818181818183,1,3,2,1,3,2,1,10
AAAZ999A,0,0,1,2,19,25,0,11,-0.3590909090909091,0,2,2,4,4,3,0,9
AA0Z0ZZ9,0,0,1,3,20,25,1,2,7.115,0,4,3,4,1,1,1,7
ZAZZZ9Z0,0,0,1,1,12,12,1,3,3.3800000000000003,1,4,1,4,4,1,0,9
A00ZAZ9Z,0,0,0,2,22,11,0.22,8,1.14,0,4,1,2,3,3,1,9
ZA9Z0090,1,0,0,2,16,25,0.57,5,4.247999999999999,1,2,2,3,1,2,1,8
0AA9090A,0,0,0,2,20,13,0.01,13,-2.4784615384615383,1,5,3,2,4,2,0,9
0909AA09,0,0,0,3,17,6,0.03,3,1.82,0,2,2,3,1,1,1,8
0AA0099Z,0,0,0,2,12,29,0,15,-7.673333333333333,0,3,2,4,3,4,0,7
0ZAA0A90,0,0,0,1,15,29,1,1,3.24,0,3,4,3,3,4,1,7
ZAAZA0AA,0,0,1,1,17,18,0,9,-5.466666666666667,0,1,1,1,4,2,1,8
A09A0000,0,0,1,1,14,27,0.38,9,-0.6077777777777778,0,4,5,4,4,2,1,9
A990Z99Z,0,0,0,3,16,14,0.18,12,-1.7483333333333333,0,3,4,2,4,3,0,9
9ZA9ZZZA,0,0,0,1,20,22,0,16,-1.388125,1,3,2,2,2,3,0,9
ZZA9AZAA,0,0,0,2,18,22,0,13,-5.837692307692308,0,2,2,2,2,2,0,10
0ZAZZZ0A,1,0,0,1,22,24,0.37,19,1.0368421052631578,0,2,2,4,3,1,0,7
9Z9ZZ000,0,0,1,1,15,11,0.68,2,-0.555,0,2,1,2,5,2,0,8
A0099900,0,0,1,1,10,14,0,2,-0.615,0,4,3,4,5,2,0,7
9Z9Z00ZZ,0,0,0,2,9,6,0,5,-4.3100000000000005,0,3,2,3,3,3,1,8
AZAZ0ZZ0,0,0,0,2,16,2,0,1,-8.78,0,2,2,4,1,3,0,10
90Z9A909,0,0,1,3,11,13,1,1,5.31,0,4,1,3,4,1,0,8
00AAZ9Z9,0,0,0,3,15,11,0,5,-2.632,0,3,3,5,4,3,1,7
ZZAAA9AZ,0,0,1,1,19,9,0,3,-6.513333333333333,0,3,3,5,4,4,0,10
9ZZAZ9ZA,0,0,0,3,18,14,1,8,5.8675,0,3,4,3,3,4,1,7
ZA9A000A,0,0,1,1,18,26,0,7,-2.5985714285714288,0,2,4,2,1,2,1,10
AA9ZZ99A,0,0,1,1,16,23,0.83,17,4.117058823529412,0,2,1,3,3,4,1,7
ZZ999AZZ,0,0,0,1,12,4,0,3,-2.0466666666666664,0,4,2,4,4,2,1,10
99900999,0,0,0,2,15,3,1,2,5.705,1,2,2,4,5,3,0,8
9990A909,0,1,0,4,21,24,0,6,1.8633333333333333,0,3,3,3,4,3,0,10
0ZZZZ009,0,0,0,2,10,22,0.61,9,0.9577777777777777,0,2,3,3,3,3,1,9
Z0ZA9A09,0,0,0,1,16,11,0,5,-2.91,0,3,4,4,3,3,0,8
A0ZA90A0,0,0,1,2,17,13,0.06,12,-1.9366666666666665,0,3,2,5,4,3,1,8
A09Z0A90,0,0,0,1,15,26,0.14,21,1.4266666666666667,1,2,2,4,2,4,1,10
00A9009Z,0,0,1,2,9,3,0,2,-4.625,1,4,2,2,3,5,0,7
Z9A9A0ZA,0,0,0,1,17,2,1,1,-0.1,1,4,3,3,3,2,0,10
9AZ99A99,0,0,0,1,15,6,0,3,-1.75,0,3,3,3,3,4,0,10
00A0Z9A0,0,0,1,3,15,6,0,4,-10.8225,0,3,2,4,5,4,0,7
90ZA090A,0,0,1,1,14,10,0,3,-0.31666666666666665,0,4,4,1,3,3,0,8
ZA99009A,0,0,0,2,13,7,0,2,-0.795,0,5,3,4,4,5,0,9
9AZ09990,0,0,0,2,11,22,0,11,-1.9845454545454544,1,3,3,5,1,5,1,10
09AZ9990,0,0,0,1,17,15,0,13,-2.563846153846154,1,2,3,5,4,4,1,10
9AZA0ZZZ,0,0,0,1,21,19,0.35,14,0.7942857142857143,1,2,3,4,1,5,1,8
Z0Z00090,0,0,0,1,8,10,0,3,-0.89,0,3,1,5,2,4,1,10
AZ0Z999Z,0,0,1,1,13,20,1,8,4.1975,1,4,4,5,1,3,0,7
Z9Z9AAA9,0,0,1,1,15,8,0,6,-1.2533333333333332,0,2,3,3,2,3,1,8
9Z9ZA09Z,0,0,1,1,18,1,0,1,-5.77,1,4,2,4,4,2,0,6
0ZZ90Z0A,0,0,1,2,15,2,0.61,2,1.17,0,2,4,5,3,4,0,10
9AAZA0A9,0,0,0,1,18,6,0.11,5,0.122,0,2,4,2,3,3,0,10
009ZZ90A,0,0,1,2,16,5,0.82,4,1.53,0,2,2,4,3,3,1,9
ZAZ9A009,0,0,1,1,17,25,0,5,-5.89,0,4,5,3,2,2,1,9
0A9AZ9AZ,0,0,0,1,16,25,0.72,9,2.9855555555555555,1,2,2,4,2,3,1,9
AZAAAAAZ,0,0,0,4,11,25,0,8,-7.6175,1,3,2,2,2,1,0,9
ZZ900ZZA,0,0,0,1,14,22,0.6,21,1.2142857142857142,1,2,1,2,2,4,0,7
Z09AZ99Z,0,0,0,2,17,30,0,11,-2.3863636363636362,0,1,2,2,4,4,0,10
9090ZZZA,1,0,0,2,18,19,1,15,4.040666666666667,0,4,2,2,3,4,0,10
0A09AZA9,0,0,0,2,16,8,0,4,-2.6125,0,2,3,1,2,4,0,8
Z09ZAA90,0,0,1,1,18,19,0,15,-3.5453333333333332,0,3,2,4,2,4,0,5
ZAZZZ99Z,0,0,1,1,9,29,0.85,23,-0.5378260869565217,0,2,1,4,2,5,1,10
AZ9000AA,0,0,1,3,15,7,0,6,-2.8000000000000003,0,2,3,3,4,3,0,10
Z0099009,0,0,0,2,14,6,0.67,2,0.34,0,2,2,3,3,3,0,10
9A9ZA990,0,0,1,1,11,10,0.32,5,-0.12,1,3,4,2,5,4,0,10
99900AZ0,0,0,1,1,13,26,0,19,-6.9957894736842094,0,1,1,4,1,3,1,10
90A9Z0AA,0,0,0,1,19,16,0,1,-0.15,0,3,3,3,4,2,0,6
000A9A00,0,0,0,2,11,7,0,6,-4.963333333333334,1,3,1,5,5,3,0,10
ZZ00ZA9A,0,0,1,1,15,9,0,3,-4.803333333333334,1,1,3,5,4,3,1,8
0AZZ909A,0,0,0,2,9,29,1,19,3.9073684210526314,1,2,1,3,2,3,1,9
AA9ZA0ZZ,0,0,1,2,5,19,0,18,-2.6816666666666666,0,3,4,4,3,3,1,9
AZ990ZA9,0,0,0,1,13,26,1,3,3.2933333333333334,0,4,3,1,4,1,0,3
0Z0AZ09Z,0,0,0,1,12,17,1,7,6.937142857142858,0,3,1,1,4,3,0,10
09909AAA,0,0,1,1,13,18,0,17,-7.515882352941176,0,4,2,2,4,3,1,9
0Z0ZZ00A,0,0,1,2,7,2,1,2,1.545,0,2,1,5,3,2,0,8
099909AA,0,0,0,1,15,30,0,23,-1.9878260869565216,1,4,2,3,3,4,1,10
9A909A09,0,0,0,3,8,5,0.62,2,1.84,1,4,2,5,2,2,1,10
ZZZZAAZA,0,0,0,1,19,16,0,10,0.641,0,4,5,2,3,4,0,7
A9ZZ00AZ,0,0,1,1,19,21,1,4,4.57,0,2,4,2,3,3,0,7
09099AAA,0,0,0,1,18,3,0,2,-0.565,0,4,2,3,3,3,1,9
Z99AZA9Z,0,0,0,1,20,3,0,2,-2,0,2,3,3,2,2,1,10
A0000AA9,0,0,0,2,8,2,0.86,2,0.615,0,2,2,3,1,3,0,8
009AAA9A,0,0,0,1,17,24,1,6,8.041666666666666,1,3,2,1,1,3,1,10
00A9A9A0,0,0,0,1,13,16,0,8,-4.84375,0,3,1,1,5,1,0,6
Z9ZZ099Z,0,0,0,3,13,2,0,2,-4.45,0,4,4,4,4,4,1,10
090AAA9A,0,0,0,1,11,28,0,11,-5.335454545454545,0,3,3,5,2,3,1,9
9Z9Z0009,0,0,0,1,22,15,0,6,0.33166666666666667,0,2,3,3,3,3,1,8
AAZ90ZAZ,0,0,1,1,16,4,1,2,4.16,1,1,1,3,2,1,1,7
0990990Z,0,0,1,1,20,4,0.39,2,-0.465,0,5,4,5,4,4,0,6
A9Z090ZA,0,0,1,2,23,20,0,15,-5.3100000000000005,0,3,4,4,2,4,1,8
0A99AZ00,0,0,1,3,15,8,1,2,7.195,0,3,4,4,3,1,0,8
AZA9ZZ99,0,0,0,2,13,25,0,10,-2.0260000000000002,0,1,1,5,4,3,0,7
9AAA0A99,0,0,0,3,10,5,1,3,3.1666666666666665,0,3,2,3,1,2,1,8
9ZAA9A00,0,0,0,2,18,22,0,3,-6.976666666666667,0,4,4,4,1,4,0,10
99Z0ZZZA,0,0,0,1,19,26,0.24,6,-1.68,1,3,5,2,2,4,0,6
AA9A0Z9Z,0,0,1,1,6,15,0.03,11,-3.3245454545454547,0,2,1,4,2,4,1,8
Z0ZA9ZZZ,0,0,0,2,14,18,0,7,-1.4528571428571428,0,1,2,3,4,3,0,9
ZZZZ9ZZ9,0,0,0,1,14,27,0,25,-0.9172,0,2,4,3,4,3,0,8
009009A9,0,0,0,1,18,8,0.12,5,-0.08,0,2,1,4,2,2,0,9
ZZZZ0A0Z,0,0,0,1,10,19,0.75,14,1.5192857142857144,0,3,3,3,1,4,0,8
ZAA90ZAA,0,0,0,1,9,22,0.98,18,3.4833333333333334,0,4,2,5,3,2,1,10
Z09A9Z0A,0,0,0,1,15,25,0,4,-2.68,0,3,2,2,3,5,1,5
ZAZ9ZZ00,0,0,0,1,9,7,0.81,3,2.1666666666666665,1,3,2,5,2,4,0,9
9Z00ZA9Z,0,0,0,2,16,17,0,15,-0.6153333333333334,0,4,2,3,2,2,0,7
909Z0ZZA,0,0,1,1,18,18,0.4,13,1.679230769230769,0,2,1,5,3,2,1,9
0AZA9090,0,1,0,1,16,6,0,2,3.6,0,3,1,4,2,3,0,10
Z099ZA00,0,0,0,1,12,19,1,19,2.0573684210526317,0,2,2,1,3,2,0,9
9A0AA090,0,0,0,1,12,28,0.7,25,-0.24719999999999998,1,4,3,5,4,4,1,9
ZZA0A09A,0,0,0,2,11,24,1,20,2.6390000000000002,0,2,4,3,3,2,0,10
0909Z099,0,0,0,1,15,23,0.58,11,4.2690909090909095,0,3,2,3,3,4,0,8
0ZA0990Z,0,0,1,4,18,7,0,3,-5.503333333333334,0,3,2,2,2,2,1,8
9AA90A99,0,0,1,1,11,20,0.29,2,0.115,0,2,1,3,2,1,1,7
AAZ09Z00,0,0,0,1,12,22,0.99,22,2.8531818181818185,0,5,3,4,4,1,0,4
Z009AZA0,0,0,1,1,16,12,0.63,3,1.5866666666666667,0,2,1,4,2,4,0,9
A0AZ90ZZ,0,0,0,2,14,25,0.14,23,2.2843478260869565,1,4,2,4,2,2,1,9
99A00900,0,0,0,1,18,29,0,11,-0.620909090909091,0,4,1,1,4,4,1,7
000AZ99A,0,0,0,1,15,12,1,7,7.638571428571429,1,3,3,4,2,2,0,9
99AZ9AA9,0,0,0,2,15,10,0.45,2,2.265,1,3,3,5,4,2,1,10
A99AZA09,0,0,0,2,17,26,0.67,15,3.8546666666666667,1,3,1,5,4,3,1,8
Z9AZZ090,0,0,1,1,14,27,0.5,23,-0.15608695652173912,0,2,4,3,4,4,1,5
9A099ZZA,0,0,0,2,14,25,1,4,7.9175,1,4,2,2,4,3,0,8
0A0ZZZAA,0,0,1,3,17,3,0,3,-1.4433333333333334,0,2,2,2,3,3,0,10
09ZZ9Z0A,0,0,0,3,28,8,0,7,-4.835714285714286,0,4,4,4,2,3,0,7
9999AA9Z,0,0,0,1,17,23,0.09,7,0.6128571428571429,0,2,3,2,3,2,0,10
Z0A09A09,0,0,1,2,21,22,0,9,-2.783333333333333,0,2,2,4,1,3,1,7
ZA9Z09Z9,0,0,0,2,7,16,0.79,16,3.310625,1,3,1,4,2,5,1,9
99Z90990,0,0,0,3,18,17,0,4,-3.2625,0,3,3,4,2,3,0,6
000Z90ZZ,0,0,0,1,17,22,0.49,14,0.02142857142857143,0,3,3,5,3,4,0,9
AA9AA009,0,0,1,2,12,15,0,14,-2.4842857142857144,0,3,2,2,5,3,1,10
ZAA9AZZZ,0,0,0,2,17,2,1,2,4.915,1,4,1,3,2,5,1,6
9Z9ZZ090,0,0,1,2,14,28,1,3,4.61,0,5,2,3,3,1,1,10
00A0AZZ9,0,0,0,2,18,6,0,3,-4.6466666666666665,1,4,4,4,2,2,0,7
AA0Z09A0,0,0,1,1,20,23,0.42,9,-1.2655555555555555,0,2,5,4,4,4,0,9
Z9Z9A99A,0,0,0,1,16,11,0,7,-0.1942857142857143,0,4,2,4,4,2,1,9
ZZA99AA9,0,0,0,1,16,30,0,16,1.26625,1,2,3,4,4,3,1,9
Z9AZZ0ZZ,0,0,1,1,23,11,1,8,8.96875,0,2,4,2,2,3,0,8
90Z0ZA00,0,0,0,1,22,14,0,3,-1.6866666666666665,1,1,2,1,3,3,0,7
Z9A0A999,0,0,0,1,9,4,1,3,4.156666666666667,0,2,2,2,2,1,1,8
00A9ZAZ9,0,0,0,1,15,8,1,2,7.42,1,5,1,3,4,3,1,10
AZ90Z0ZZ,0,0,0,4,15,3,0.25,2,0.875,1,4,2,3,4,2,0,8
0AAZAZ09,0,0,0,1,6,5,0,5,-1.9100000000000001,1,1,5,3,4,4,1,8
9A90AZAZ,0,0,1,1,16,14,0,4,-6.165,1,3,1,2,2,3,1,10
00A0A9Z9,0,0,0,1,20,22,1,5,6.970000000000001,0,3,2,4,3,2,0,9
990A0900,0,0,0,2,17,24,0,9,-4.316666666666666,0,3,4,4,2,2,1,9
Z9ZZ9009,0,0,0,2,19,11,0.39,10,-0.673,0,3,4,2,2,2,1,8
ZA9909A9,0,0,1,1,20,15,0,6,-0.625,0,2,4,4,2,5,1,10
9ZZ0ZA09,0,0,1,1,17,24,0.42,6,0.3116666666666667,0,3,4,4,4,2,0,8
AZZ0A999,0,0,0,2,17,23,0,11,-5.679090909090909,0,2,2,2,2,3,0,10
9AZZZ9ZZ,0,0,0,1,11,14,0.32,12,1.2750000000000001,0,4,3,3,2,3,1,10
ZA9A0A9Z,0,0,1,2,12,18,1,2,5.165,0,4,3,1,3,3,0,7
9AA9009A,0,0,1,2,13,16,1,3,4.33,0,4,3,3,4,2,1,10
0Z9990AA,0,0,1,1,10,5,0.74,4,2.99,0,1,1,4,4,2,0,10
ZAZ009A0,0,0,1,1,16,11,0.42,6,0.465,0,4,1,3,2,3,1,6
00ZA0Z9Z,0,0,0,1,14,24,0,18,-4.1305555555555555,0,3,2,2,2,4,1,9
090Z9ZZZ,0,1,1,2,14,30,0.07,3,0.03666666666666667,0,4,3,4,3,2,1,9
AAAZ0ZAZ,0,0,1,2,19,29,0.92,23,-0.026521739130434784,0,2,3,4,4,3,1,10
AZZ9A09Z,0,0,0,1,15,9,0,3,0.8366666666666666,1,3,2,5,3,2,1,10
AAZ0ZZZ0,0,0,0,6,17,18,0,14,1.2028571428571428,0,2,4,3,4,4,1,8
00A0AA09,0,0,1,1,14,11,0.62,9,0.32333333333333336,0,3,2,1,2,2,0,8
AAAZA9A0,0,0,0,1,19,10,0,7,-3.9385714285714286,1,1,1,1,3,3,0,9
Z99A999A,0,0,1,1,22,13,0,5,-4.726,0,5,4,3,4,4,1,10
99A90AZZ,0,0,0,2,16,7,0.94,4,4.7275,1,4,2,1,2,3,0,10
ZA9AAZ0Z,0,0,0,1,14,10,1,1,8.53,0,4,2,5,2,1,0,8
099Z9A9Z,0,0,1,2,16,16,0,11,-7.78909090909091,1,4,3,5,3,3,0,10
0A9A90ZA,0,0,0,3,10,8,0.42,5,0.20400000000000001,1,4,1,4,2,4,0,10
AAAAA009,0,0,1,2,18,9,0.13,2,-2.065,0,4,3,3,2,5,0,9
AZZAA99Z,0,0,1,2,11,10,0,8,-2.2425,0,3,3,4,4,2,0,9
A000Z9AZ,0,0,0,2,19,4,0.77,4,2.7475,0,4,2,5,2,2,1,8
0A90Z9AA,0,0,1,1,22,21,0.49,12,0.3675,0,4,4,5,4,5,1,8
90Z9AA0Z,0,0,0,1,24,13,0.59,12,2.6358333333333333,0,4,3,3,3,5,1,10
Z0AAA0AZ,0,0,1,1,11,11,0,3,-4.2299999999999995,0,4,3,3,3,3,0,10
90990AA9,0,0,0,1,18,18,0.53,10,2.804,0,4,2,3,4,4,1,9
000990A9,0,0,0,1,11,2,0,1,-1.76,0,3,4,1,3,2,0,8
99090Z09,0,0,0,1,16,12,0,8,-3.5725,1,3,3,5,2,4,0,10
AA0AZZZ9,0,0,0,3,8,5,0,5,-2.522,0,1,1,4,3,1,0,8
90999990,0,0,0,1,20,3,0.48,2,2.16,1,2,2,4,3,1,0,8
ZA9AAA9A,0,0,0,1,16,21,0,16,-3.89625,0,3,3,3,3,1,0,7
ZAZA90A0,0,0,0,2,17,10,0.53,7,2.1914285714285713,0,4,4,5,2,3,1,10
0ZAZZ0A9,0,0,0,1,9,3,1,2,3.41,0,2,2,3,3,4,0,9
0Z90A9Z0,0,0,0,1,12,16,0,2,-6.585,0,1,2,2,4,3,0,9
0999A9A0,0,0,1,1,15,29,0,26,-4.264230769230769,0,5,1,4,2,4,0,9
A9990A9Z,0,0,1,1,12,17,0,11,-6.098181818181818,0,4,3,3,2,3,0,9
Z09Z9Z99,1,0,0,1,16,21,0,20,0.374,0,3,2,1,4,4,0,8
00999Z99,0,0,1,1,18,9,0.82,3,2.813333333333333,0,5,1,2,4,4,0,9
Z9A9AZ9Z,0,0,0,3,17,13,0,10,-8.078,1,2,4,2,3,2,1,8
00ZAA99A,0,0,0,1,15,30,0.21,8,3.53625,0,2,2,3,3,3,0,10
AZ0Z0Z9A,0,0,0,2,12,15,0,14,-1.9885714285714287,0,3,4,4,3,3,1,8
09ZA0ZZ0,0,0,0,1,12,2,1,1,1.97,1,3,4,4,2,4,1,8
0909Z09A,0,0,1,2,20,25,0.72,5,0.038,0,4,1,4,1,3,0,6
ZA009ZZA,0,0,0,1,19,21,0.44,13,0.7084615384615385,0,2,3,3,2,3,0,10
99A0909Z,0,0,0,3,14,3,0.33,2,3.805,0,3,1,4,4,2,0,5
AA90ZZ0A,0,0,0,1,18,22,0,8,-6.3975,1,2,3,3,4,2,1,8
90ZA0A9A,0,0,0,2,12,7,0,2,-6.755,0,3,2,5,4,4,1,10
0Z9ZA990,0,1,0,1,12,29,0.2,26,2.1365384615384615,0,3,3,3,2,3,1,10
AZZ90A9A,0,0,0,3,13,26,1,14,3.907857142857143,0,5,2,5,2,4,0,8
090A9A90,0,0,0,1,18,16,0,15,-9.431333333333333,0,3,3,2,3,2,1,9
09AAA0A0,0,0,1,2,16,4,0,2,-7.94,0,2,1,3,3,4,0,8
ZZZZ0909,0,0,1,1,17,2,0,1,-3.44,0,3,2,4,5,5,0,9
A9AA99Z9,0,0,1,1,16,25,0.5,3,-0.006666666666666667,1,2,2,5,2,5,1,8
0909AZ0Z,0,0,1,1,14,21,1,18,3.0983333333333336,1,3,1,3,3,4,0,9
AA09ZZ00,0,0,0,1,11,7,1,2,2.935,0,4,3,4,2,3,1,7
ZZZA0ZAZ,0,0,0,2,13,12,0.25,11,-2.382727272727273,0,2,1,3,3,4,0,8
0A0Z0ZZZ,0,0,0,1,7,8,0,6,-1.2449999999999999,0,3,3,3,3,2,0,9
0A900Z09,0,0,1,1,16,9,0,2,-5.165,0,4,3,4,4,2,1,9
AA0AA0Z9,0,0,0,2,14,24,0,11,0.22727272727272727,0,4,1,3,3,2,0,7
909A0990,0,0,0,1,15,25,1,22,2.8063636363636366,1,4,4,5,4,2,1,10
Z9Z0A9Z0,0,0,0,1,21,24,1,13,3.3207692307692307,1,5,2,3,3,3,1,10
90Z0AAZA,0,0,0,1,19,10,0.5,3,1.8,0,3,2,4,2,5,0,8
AAZA0A09,0,0,1,1,19,11,0,5,-4.8020000000000005,0,4,2,2,1,4,1,8
ZZ099Z90,0,0,0,2,17,24,0.11,5,0.536,0,1,2,3,4,2,1,9
AAZZZ009,0,0,1,3,8,6,0,2,-1.155,0,3,3,4,4,3,1,9
99Z909Z9,0,0,0,1,10,16,1,9,2.568888888888889,0,4,4,4,5,4,1,9
0A9ZAZA0,0,0,1,2,16,21,0.97,4,5.09,0,4,3,5,2,1,0,10
0AAAAA0Z,0,0,0,2,15,19,0.51,17,2.724705882352941,1,4,1,5,3,2,0,8
AZ90099Z,0,0,1,2,12,23,0,10,-4.5920000000000005,0,3,1,3,2,3,1,8
Z9ZZ9A99,0,0,1,2,13,10,0.88,9,-0.37555555555555553,0,3,2,3,3,2,1,10
000AZAZ9,0,0,0,2,21,9,0,6,-0.65,0,3,5,2,5,3,0,6
9ZZZA00Z,0,0,0,2,11,29,0.58,17,-0.8964705882352941,0,3,2,3,3,3,1,10
AZZZ9009,0,0,1,1,11,11,0,7,-3.335714285714286,0,3,3,2,4,3,0,8
ZZ9ZAZZ0,0,0,1,2,13,5,1,3,4.723333333333334,0,3,3,4,2,5,0,4
AZ9ZZ0AA,0,0,0,1,18,8,0.94,2,2.455,1,2,3,4,4,4,1,7
90AAZ090,0,0,0,2,14,21,0.1,13,2.5492307692307694,1,3,2,2,2,3,1,9
AA9ZA9AA,0,0,1,1,14,8,0,5,-1.528,0,3,1,4,5,3,1,10
ZZA0Z09Z,0,0,0,1,13,5,0,2,-0.605,1,3,2,2,4,2,0,9
90A9A90A,0,0,0,1,16,27,0.99,3,4.193333333333333,0,4,3,2,4,3,1,7
9A0ZA0ZA,0,0,0,2,17,7,0.92,4,2.5725,0,4,3,4,1,1,0,7
9Z0Z09AZ,0,0,0,1,16,19,0,2,-1.885,0,3,3,2,3,4,0,10
990ZA9Z9,0,0,0,2,16,22,0,22,-0.33636363636363636,0,4,4,3,2,3,0,8
0ZZ0Z0Z9,0,0,1,2,11,10,0,10,-4.243,0,3,2,2,3,3,0,9
900ZAZ00,1,0,0,1,16,16,1,1,6.48,1,2,2,3,2,3,1,9
9AZ0ZZAA,0,0,0,3,20,16,0.57,8,1.28125,0,2,2,2,4,1,0,10
ZAZA0ZAA,0,0,1,3,14,24,0.78,5,1.21,0,2,4,2,4,3,0,10
090Z00Z0,0,0,0,2,15,6,1,4,6.32,0,4,5,3,4,2,0,10
Z0Z099ZZ,0,0,1,1,15,8,0,1,2.63,0,3,2,5,5,2,1,9
0Z9909Z0,0,0,1,1,15,13,0,4,-4.0925,0,4,3,2,3,4,0,8
0ZAAAAA0,0,0,0,1,15,3,0,2,-2.23,0,4,2,1,3,3,0,4
Z09ZA009,0,0,0,1,15,25,0.92,10,1.593,0,3,5,4,4,3,0,10
0Z90A099,0,0,0,1,18,6,0.88,4,1.36,1,3,1,2,5,2,1,10
Z0Z0ZA99,0,0,0,1,18,9,0,1,-3.27,0,3,1,4,3,2,1,9
099A09Z0,0,0,1,2,14,6,0,5,-3.9579999999999997,0,4,4,2,4,3,0,9
AZA0090A,0,0,1,2,9,16,0,3,-4.903333333333333,1,4,1,5,3,3,0,9
9AA900AA,0,0,1,1,18,15,0.27,5,0.588,0,3,2,2,2,1,0,7
9A900000,0,0,0,1,9,4,1,3,3.486666666666667,1,2,2,4,2,3,1,9
0A099AZ0,0,0,1,1,10,21,0,2,-3.115,0,3,3,4,2,3,1,10
AAA0Z99Z,0,0,0,2,11,2,1,1,4.86,0,2,3,3,3,2,1,5
999AZ99Z,0,1,0,2,15,9,0.22,8,2.76625,0,4,4,4,5,2,1,9
ZA0AZ9AZ,0,0,0,1,11,9,0,1,-1.53,0,3,1,3,4,5,0,8
00909090,0,0,1,2,9,4,0,1,-0.42,0,4,1,5,2,2,0,9
AAA9A90A,0,0,0,1,14,10,0.77,6,5.133333333333334,0,2,2,2,3,2,0,9
9Z99ZZ90,0,0,1,2,20,2,1,1,4.13,0,3,4,3,5,5,0,10
9090ZZAZ,0,0,0,1,17,6,0,1,-1.75,0,4,3,3,2,3,0,5
AZ099ZAA,0,0,0,1,14,27,1,27,5.512962962962963,1,2,4,4,1,5,0,6
AZAA9ZA0,0,0,0,1,19,3,0.35,2,-0.77,0,2,2,2,1,4,1,9
9900Z909,0,0,1,1,25,11,0,5,-6.872,0,4,4,4,1,3,1,7
0AAZ0AZ9,0,0,1,1,19,14,1,13,3.1123076923076924,0,2,3,4,3,2,1,9
90AAA9ZZ,0,0,0,2,19,14,0,4,-2.3375,1,4,3,3,2,1,0,8
99Z9A900,0,0,1,3,18,20,1,18,1.0366666666666666,0,1,2,4,4,1,0,7
Z9AZA009,0,0,0,3,15,15,0,14,-4.485714285714286,1,2,1,2,3,3,1,10
ZZZA99A9,0,0,0,1,11,26,0,3,-3.0533333333333332,0,3,2,5,3,2,0,10
A99AZ90A,0,0,0,2,17,9,0.73,6,0.6616666666666667,0,3,1,3,2,3,0,8
ZAZ9A00A,0,0,1,1,17,13,0.31,6,0.6233333333333334,0,2,2,3,2,2,0,7
09Z9090Z,0,0,0,2,23,14,0.26,5,-0.162,1,4,1,5,3,1,0,10
ZA0ZAA0Z,0,0,1,2,14,25,0.22,18,0.46444444444444444,0,2,2,2,5,4,0,8
0A990Z09,0,0,0,2,17,16,1,9,4.587777777777777,0,3,3,2,3,3,1,8
9Z000009,0,0,0,1,13,21,0,6,-0.27499999999999997,0,4,4,3,3,3,0,10
Z0990000,0,0,0,1,23,19,0.52,8,1.2325,0,3,3,5,2,1,0,7
AAZZ90Z9,0,0,1,2,8,5,0.07,5,-1.224,0,3,2,3,3,3,1,7
0AAZ90ZZ,0,0,1,3,17,28,0,27,-3.2796296296296297,0,2,3,4,2,1,1,10
ZZAAZ000,0,1,1,1,12,9,0,8,0.58625,1,2,1,3,3,1,1,8
9A0ZA9A0,0,0,0,4,8,16,0,7,-3.1342857142857143,0,3,3,4,4,3,1,8
AAZ9ZAZ9,0,0,0,4,14,12,0.03,8,-1.67875,0,3,3,4,5,3,0,10
AA0990ZZ,0,0,1,1,17,25,0.53,7,-0.07142857142857142,1,2,4,2,5,1,0,9
0Z0A9Z9A,0,0,1,1,19,8,0,3,-6.670000000000001,1,3,2,3,3,4,1,10
Z0Z0Z990,0,0,0,1,14,18,0,12,-0.41583333333333333,1,2,2,5,2,2,0,10
ZZAZ9009,0,0,0,1,11,18,1,17,6.689411764705882,1,1,3,2,4,3,0,7
90ZAZZZ9,0,0,0,3,14,2,0.05,2,0.535,1,3,4,4,4,3,0,7
9ZZ00009,0,0,1,1,12,27,1,13,2.6015384615384614,0,2,2,2,2,2,0,10
